time,step-size,{bodyFMU}.body.robot_theta,{bodyFMU}.body.robot_x,{bodyFMU}.body.robot_y,{bodyFMU}.body.robot_z,{bodyFMU}.body.total_energy_used,{controllerFMU}.controller.servoLeftVal,{controllerFMU}.controller.servoRightVal,{sensor1FMU}.sensor1.lf_1_sensor_reading,{sensor2FMU}.sensor2.lf_1_sensor_reading
0.0,0.0,0.0,0.0,0.0,0.0,0.0,0.0,0.0,0.0,1.0000000000000002
0.1,0.1,0.0,0.138,-0.08,0.0,0.7999999999997272,0.4,-0.4,254.00000000000006,254.00000000000006
0.15000000000000002,0.05,0.0,0.138,-0.07924772906040851,0.0,1.2341202948314276,0.4,-0.4,254.00000000000006,254.00000000000006
0.30000000000000004,0.15000000000000002,0.0,0.138,-0.07516805482427268,0.0,2.6991798977865074,0.4,-0.4,254.00000000000006,254.00000000000006
0.7000000000000001,0.4,0.0,0.138,-0.0569793028889697,0.0,7.818651815523026,0.4,-0.4,254.00000000000006,254.00000000000006
1.1,0.4,0.0,0.138,-0.03324953682293243,0.0,14.210784759599846,0.4,-0.4,254.00000000000006,254.00000000000006
1.5,0.4,0.0,0.138,-0.007304092791842104,0.0,21.211566021167073,0.4,-0.4,254.00000000000006,254.00000000000006
1.9,0.4,0.0,0.138,0.019584016485181016,0.0,28.488901978221293,0.4,-0.4,254.00000000000006,254.00000000000006
2.3,0.4,0.0,0.138,0.04686359262347296,0.0,35.884136544055764,0.4,-0.4,254.00000000000006,254.00000000000006
2.6999999999999997,0.4,0.0,0.138,0.07430573580678206,0.0,43.32885796357641,0.4,-0.4,254.00000000000006,255.00000000000006
3.0999999999999996,0.4,0.0,0.138,0.10181538928723298,0.0,50.79422088317233,0.4,-0.4,255.00000000000006,254.00000000000006
3.1365606189291495,0.03656061892914999,0.0,0.138,0.10429298376158373,0.0,51.46663202093896,0.4,-0.4,254.00000000000006,255.00000000000006
3.146787779283547,0.010227160354397106,0.0,0.138,0.10498124005830443,0.0,51.65342380320226,0.4,-0.4,254.00000000000006,254.00000000000006
3.1485208365310338,0.00173305724748674,0.0,0.138,0.10511889311096208,0.0,51.69078270914224,0.4,-0.4,254.00000000000006,254.00000000000006
3.153720008273494,0.00519917174246022,0.0,0.138,0.10546302832546801,0.0,51.784180765414476,0.4,-0.4,255.00000000000006,254.00000000000006
3.169317523500875,0.015597515227380659,0.0,0.138,0.10656428539425787,0.0,52.08306201668165,0.4,-0.4,254.00000000000006,254.00000000000006
3.1701292325193378,8.117090184625455E-4,0.0,0.138,0.1066331151749585,0.0,52.10174246685165,0.4,-0.4,254.00000000000006,254.00000000000006
3.1725643595747255,0.0024351270553876364,0.0,0.138,0.1067707751588602,0.0,52.13910349665866,0.4,-0.4,254.00000000000006,254.00000000000006
3.1798697407408882,0.0073053811661629095,0.0,0.138,0.10725258950643658,0.0,52.2698684504694,0.4,-0.4,254.00000000000006,254.00000000000006
3.201785884239377,0.02191614349848873,0.0,0.138,0.10876690677120264,0.0,52.6808573804351,0.4,-0.4,254.00000000000006,254.00000000000006
3.267534314734843,0.06574843049546619,0.0,0.138,0.11331022908519157,0.0,53.913937717025874,0.4,-0.4,255.00000000000006,254.00000000000006
3.4647796062212417,0.19724529148639858,0.0,0.138,0.1268740580951312,0.0,57.59532331975652,0.4,-0.4,255.00000000000006,252.00000000000006
3.4787646927598477,0.01398508653860588,0.0,0.138,0.12783811050676608,0.0,57.85698309484769,0.4,-0.4,254.00000000000006,157.00000000000003
3.4787746927598477,1.0E-5,0.0,0.138,0.12783811050676608,0.0,57.85698309484769,0.4,-0.4,254.00000000000006,157.00000000000003
3.478804692759848,3.0000000000000004E-5,0.0,0.138,0.12783811050676608,0.0,57.85698309484769,0.4,-0.4,254.00000000000006,157.00000000000003
3.478894692759848,9.000000000000002E-5,0.0,0.138,0.12783811050676608,0.0,57.85698309484769,0.4,-0.4,254.00000000000006,157.00000000000003
3.479164692759848,2.7000000000000006E-4,0.0,0.138,0.1279069719357514,0.0,57.87567324507518,0.4,-0.4,254.00000000000006,157.00000000000003
3.479974692759848,8.100000000000002E-4,0.0,0.138,0.1279069719357514,0.0,57.87567324507518,0.4,-0.4,254.00000000000006,157.00000000000003
3.482404692759848,0.0024300000000000007,0.0,0.138,0.12811355665096513,0.0,57.93174382704592,0.4,-0.4,254.00000000000006,153.00000000000003
3.482414692759848,1.0E-5,0.0,0.138,0.12811355665096513,0.0,57.93174382704592,0.4,-0.4,254.00000000000006,153.00000000000003
3.4824446927598482,3.0000000000000004E-5,0.0,0.138,0.12811355665096513,0.0,57.93174382704592,0.4,-0.4,254.00000000000006,153.00000000000003
3.4825346927598484,9.000000000000002E-5,0.0,0.138,0.12811355665096513,0.0,57.93174382704592,0.4,-0.4,254.00000000000006,153.00000000000003
3.4828046927598484,2.7000000000000006E-4,0.0,0.138,0.12811355665096513,0.0,57.93174382704592,0.4,-0.4,254.00000000000006,153.00000000000003
3.4836146927598484,8.100000000000002E-4,0.0,0.138,0.12818241836493388,0.0,57.95043406463992,0.4,-0.4,254.00000000000006,153.00000000000003
3.4860446927598483,0.0024300000000000007,0.0,0.138,0.12838900393135072,0.0,58.006504907561066,0.4,-0.4,254.00000000000006,153.00000000000003
3.493334692759848,0.007290000000000002,0.0,0.138,0.12887103937612193,0.0,58.13733762745005,0.4,-0.4,254.00000000000006,150.00000000000003
3.5020826927598483,0.008748000000000002,0.0,0.138,0.12949080421723413,0.0,58.30555265225621,0.4,-0.4,254.00000000000006,147.00000000000003
3.506456692759848,0.004374000000000001,0.0,0.138,0.12976625703116257,0.0,58.38031542918861,0.4,-0.4,254.00000000000006,147.00000000000003
3.5195786927598482,0.013122000000000003,0.0,0.138,0.1306614860714726,0.0,58.62329672134729,0.1,-0.5,254.00000000000006,139.00000000000003
3.558944692759848,0.03936600000000001,0.012739227791651493,0.13783576819384602,0.1332114458040904,0.0,59.30504961120141,0.1,-0.5,254.00000000000006,131.00000000000003
3.677042692759848,0.11809800000000004,0.06733814760585494,0.1368717138564472,0.14063700455594752,0.0,61.312842790523064,0.1,-0.5,254.00000000000006,193.00000000000006
3.7360916927598478,0.05904900000000002,0.09936264646745566,0.1361776889638889,0.14417319344788948,0.0,62.27747505615889,0.1,-0.5,199.00000000000006,254.00000000000006
3.7364317043970128,3.4001163716483964E-4,0.09936264646745566,0.1361776889638889,0.14417319344788948,0.0,62.27747505615889,0.1,-0.5,199.00000000000006,254.00000000000006
3.7374517393085074,0.001020034911494519,0.09992671751109002,0.13616472534983673,0.14423232478251252,0.0,62.29367377658946,0.1,-0.5,199.00000000000006,254.00000000000006
3.7405118440429908,0.0030601047344835566,0.10162278328297479,0.1361255970611759,0.14440955936129568,0.0,62.342241288762125,0.1,-0.5,13.000000000000004,254.00000000000006
3.7420418964102327,0.0015300523672417783,0.10275667464964867,0.13609931387492397,0.14452758299178603,0.0,62.374595873170165,0.1,-0.5,13.000000000000004,254.00000000000006
3.746632053511958,0.004590157101725335,0.1050319858046568,0.13604627387946946,0.14476331198991016,0.0,62.439248444182795,0.1,-0.5,13.000000000000004,254.00000000000006
3.7604025248171338,0.013770471305176005,0.11307222337014894,0.13585567865620998,0.14558502957884667,0.0,62.6649477907813,0.5,-0.1,6.000000000000002,254.00000000000006
3.8017139387326617,0.04131141391552802,0.11019090978518052,0.1355998022218394,0.14800464786844458,0.0,63.31795791886043,0.5,-0.1,1.0000000000000002,254.00000000000006
3.9256481804792456,0.12393424174658406,0.07271407776380592,0.1353850488954773,0.1552180364025681,0.0,65.25383792804496,0.5,-0.1,13.000000000000004,255.00000000000006
3.9271477922545377,0.0014996117752919317,0.07189883091219697,0.13538685587291552,0.15533295927384438,0.0,65.28466122036889,0.5,-0.1,13.000000000000004,255.00000000000006
3.9316466275804136,0.004498835325875795,0.0702519947084095,0.13539096787246427,0.1555626692548024,0.0,65.34627379949279,0.5,-0.1,254.00000000000006,254.00000000000006
3.9321216886620394,4.750610816259043E-4,0.06983691760824823,0.1353920995623769,0.15562006843837006,0.0,65.36166990073389,0.5,-0.1,254.00000000000006,254.00000000000006
3.933546871906917,0.001425183244877713,0.06942050574920866,0.1353932727042757,0.1556774562872955,0.0,65.37706319849667,0.5,-0.1,254.00000000000006,254.00000000000006
3.9378224216415503,0.004275549734633139,0.06774163405779929,0.13539837954792466,0.15590689423229354,0.0,65.43860849294606,0.5,-0.1,254.00000000000006,254.00000000000006
3.95064907084545,0.012826649203899417,0.06214317580179094,0.135419546313064,0.15665131019743211,0.0,65.63832694981875,0.5,-0.1,254.00000000000006,253.00000000000006
3.951996467617386,0.001347396771936108,0.06170376971323444,0.13542146347211928,0.15670849306032664,0.0,65.65367094691419,0.5,-0.1,254.00000000000006,253.00000000000006
3.956038657933194,0.004042190315808324,0.05948852321231199,0.13543166724339853,0.15699423554053082,0.0,65.73035092455893,0.5,-0.1,254.00000000000006,253.00000000000006
3.968165228880619,0.012126570947424972,0.0540514526705669,0.13546035076265428,0.15767884473325722,0.0,65.91411472863683,0.5,-0.1,254.00000000000006,200.00000000000006
3.968219315241761,5.408636114233483E-5,0.0540514526705669,0.13546035076265428,0.15767884473325722,0.0,65.91411472863683,0.5,-0.1,254.00000000000006,200.00000000000006
3.9683815743251882,1.622590834270045E-4,0.0540514526705669,0.13546035076265428,0.15767884473325722,0.0,65.91411472863683,0.5,-0.1,254.00000000000006,200.00000000000006
3.9688683515754692,4.867772502810135E-4,0.0540514526705669,0.13546035076265428,0.15767884473325722,0.0,65.91411472863683,0.5,-0.1,254.00000000000006,200.00000000000006
3.9703286833263123,0.0014603317508430406,0.05312921795067714,0.1354657059258744,0.15779278464688995,0.0,65.94470578284518,0.5,-0.1,254.00000000000006,153.00000000000003
3.9703386833263123,1.0E-5,0.05312921795067714,0.1354657059258744,0.15779278464688995,0.0,65.94470578284518,0.5,-0.1,254.00000000000006,153.00000000000003
3.9703686833263125,3.0000000000000004E-5,0.05312921795067714,0.1354657059258744,0.15779278464688995,0.0,65.94470578284518,0.5,-0.1,254.00000000000006,153.00000000000003
3.9704586833263127,9.000000000000002E-5,0.05312921795067714,0.1354657059258744,0.15779278464688995,0.0,65.94470578284518,0.5,-0.1,254.00000000000006,153.00000000000003
3.9707286833263127,2.7000000000000006E-4,0.05312921795067714,0.1354657059258744,0.15779278464688995,0.0,65.94470578284518,0.5,-0.1,254.00000000000006,153.00000000000003
3.9715386833263127,8.100000000000002E-4,0.052666419947470795,0.13546844497257918,0.15784973722986118,0.0,65.95999747278256,0.5,-0.1,254.00000000000006,153.00000000000003
3.9739686833263126,0.0024300000000000007,0.0517374885842569,0.13547404593137588,0.15796360760838335,0.0,65.9905732088232,0.5,-0.1,254.00000000000006,153.00000000000003
3.9812586833263124,0.007290000000000002,0.04797804089373861,0.13549808606435465,0.15841862409599633,0.0,66.11277512066545,0.5,-0.1,254.00000000000006,134.00000000000003
3.9849036833263125,0.003645000000000001,0.04655057191753447,0.13550777515389276,0.15858906285855712,0.0,66.15855958867724,0.5,-0.1,254.00000000000006,134.00000000000003
3.9958386833263124,0.010935000000000004,0.04123679054599971,0.1355464399195545,0.15921310212226053,0.0,66.32624678512047,0.1,-0.5,254.00000000000006,82.00000000000001
4.028643683326313,0.032805000000000015,0.04555054806886507,0.13542971604190976,0.16106728352144695,0.0,66.82630219011617,0.1,-0.5,254.00000000000006,41.00000000000001
4.127058683326313,0.09841500000000004,0.07784282021172922,0.13470054431799133,0.166544257299802,0.0,68.31167070964875,0.1,-0.5,254.00000000000006,34.00000000000001
4.422303683326313,0.29524500000000015,0.23749538231181572,0.13031786046805005,0.18205309682869986,0.0,72.65262725723096,0.1,-0.5,254.00000000000006,94.00000000000001
4.423235120123503,9.314367971900816E-4,0.23812307439423186,0.1302976426221307,0.18210329674956283,0.0,72.66718124025601,0.1,-0.5,254.00000000000006,94.00000000000001
4.426029430515073,0.002794310391570245,0.24000823894761333,0.13023678023797464,0.1822537900695596,0.0,72.71083793878915,0.1,-0.5,254.00000000000006,94.00000000000001
4.434412361689784,0.008382931174710735,0.24505037742243602,0.13007295155689744,0.1826543219373924,0.0,72.8272176118412,0.1,-0.5,1.0000000000000002,254.00000000000006
4.438603827277139,0.004191465587355368,0.24757945824428557,0.1299902049622484,0.18285415832905855,0.0,72.88538683013485,0.1,-0.5,1.0000000000000002,254.00000000000006
4.451178224039205,0.012574396762066103,0.2558344592424724,0.1297174600704831,0.1835016328339404,0.0,73.07434346726222,0.5,-0.1,1.0000000000000002,254.00000000000006
4.488901414325403,0.037723190286198305,0.2556693258994532,0.129201242110166,0.18540721795308857,0.0,73.6079462122666,0.5,-0.1,1.0000000000000002,255.00000000000006
4.602070985183998,0.11316957085859491,0.2273774362108773,0.12807755960919123,0.191364972694886,0.0,75.24623326015944,0.5,-0.1,0.0,254.00000000000006
4.607841882651437,0.005770897467439461,0.22557106450152492,0.12803992631524572,0.19162786874052373,0.0,75.31795739865129,0.5,-0.1,0.0,254.00000000000006
4.625154575053755,0.017312692402318385,0.21874966190680276,0.12791252643425274,0.19257520089755703,0.0,75.57608965951931,0.5,-0.1,186.00000000000003,254.00000000000006
4.633810921254915,0.008656346201159192,0.21556540798641324,0.12785995777439962,0.19299666588158715,0.0,75.69077883970931,0.5,-0.1,241.00000000000006,254.00000000000006
4.659779959858392,0.025969038603477577,0.20461838890757053,0.12770629632006844,0.19436805119091238,0.0,76.0633721495933,0.5,-0.1,248.00000000000006,251.00000000000006
4.661221246504132,0.0014412866457399612,0.20374047533697978,0.1276955632571469,0.19447363644976856,0.0,76.09202418456243,0.5,-0.1,254.00000000000006,166.00000000000003
4.661231246504132,1.0E-5,0.20374047533697978,0.1276955632571469,0.19447363644976856,0.0,76.09202418456243,0.5,-0.1,254.00000000000006,166.00000000000003
4.661261246504131,3.0000000000000004E-5,0.20374047533697978,0.1276955632571469,0.19447363644976856,0.0,76.09202418456243,0.5,-0.1,254.00000000000006,166.00000000000003
4.661351246504132,9.000000000000002E-5,0.20374047533697978,0.1276955632571469,0.19447363644976856,0.0,76.09202418456243,0.5,-0.1,254.00000000000006,166.00000000000003
4.661621246504132,2.7000000000000006E-4,0.20374047533697978,0.1276955632571469,0.19447363644976856,0.0,76.09202418456243,0.5,-0.1,254.00000000000006,166.00000000000003
4.662431246504132,8.100000000000002E-4,0.2032996839307545,0.1276902548893128,0.19452643373522865,0.0,76.10634973209426,0.5,-0.1,254.00000000000006,166.00000000000003
4.664861246504133,0.0024300000000000007,0.20241446018344586,0.127679754456883,0.194632037484743,0.0,76.13499989097,0.5,-0.1,254.00000000000006,166.00000000000003
4.672151246504133,0.007290000000000002,0.19882583727163727,0.12763930273913968,0.195054570938076,0.0,76.24958815001673,0.5,-0.1,254.00000000000006,143.00000000000003
4.675796246504133,0.003645000000000001,0.19746080818822143,0.12762477238793338,0.19521306792659238,0.0,76.29255369199109,0.5,-0.1,254.00000000000006,143.00000000000003
4.686731246504133,0.010935000000000004,0.19236866893637292,0.12757447400989588,0.1957944273971825,0.0,76.45007079761126,0.1,-0.5,255.00000000000006,80.00000000000001
4.719536246504132,0.032805000000000015,0.19728418766419586,0.12719480275275616,0.19749147167675568,0.0,76.92135883299352,0.1,-0.5,254.00000000000006,38.00000000000001
4.719546246504132,1.0E-5,0.19728418766419586,0.12719480275275616,0.19749147167675568,0.0,76.92135883299352,0.1,-0.5,254.00000000000006,38.00000000000001
4.719576246504132,3.0000000000000004E-5,0.19728418766419586,0.12719480275275616,0.19749147167675568,0.0,76.92135883299352,0.1,-0.5,254.00000000000006,38.00000000000001
4.719666246504132,9.000000000000002E-5,0.19728418766419586,0.12719480275275616,0.19749147167675568,0.0,76.92135883299352,0.1,-0.5,254.00000000000006,38.00000000000001
4.719936246504132,2.7000000000000006E-4,0.19728418766419586,0.12719480275275616,0.19749147167675568,0.0,76.92135883299352,0.1,-0.5,254.00000000000006,38.00000000000001
4.720746246504133,8.100000000000002E-4,0.19750900293393525,0.12718196350562413,0.19754259047216,0.0,76.93562776219142,0.1,-0.5,254.00000000000006,15.000000000000004
4.723176246504133,0.0024300000000000007,0.1982459906280843,0.12714258397887948,0.19769575827632296,0.0,76.97843095928874,0.1,-0.5,254.00000000000006,15.000000000000004
4.730466246504133,0.007290000000000002,0.200194304383073,0.12704659753769498,0.19805222414860912,0.0,77.0782663388436,0.1,-0.5,254.00000000000006,15.000000000000004
4.752336246504133,0.021870000000000007,0.20664616230422644,0.12673459672569246,0.1991694400886047,0.0,77.39192050622887,0.1,-0.5,254.00000000000006,16.000000000000004
4.754397223854473,0.002060977350339123,0.20727907751734856,0.12670535715372797,0.19927074685303658,0.0,77.42043153699387,0.1,-0.5,254.00000000000006,16.000000000000004
4.76058015590549,0.0061829320510173695,0.20922222562585896,0.12661665727575735,0.1995743815440562,0.0,77.50595815106908,0.1,-0.5,255.00000000000006,16.000000000000004
4.779128952058542,0.01854879615305211,0.2157527569757818,0.12632717748290986,0.20053324992958904,0.0,77.77675133121556,0.1,-0.5,254.00000000000006,16.000000000000004
4.779138952058542,1.0E-5,0.2157527569757818,0.12632717748290986,0.20053324992958904,0.0,77.77675133121556,0.1,-0.5,254.00000000000006,16.000000000000004
4.779168952058542,3.0000000000000004E-5,0.2157527569757818,0.12632717748290986,0.20053324992958904,0.0,77.77675133121556,0.1,-0.5,254.00000000000006,16.000000000000004
4.779258952058542,9.000000000000002E-5,0.2157527569757818,0.12632717748290986,0.20053324992958904,0.0,77.77675133121556,0.1,-0.5,254.00000000000006,16.000000000000004
4.779528952058542,2.7000000000000006E-4,0.2157527569757818,0.12632717748290986,0.20053324992958904,0.0,77.77675133121556,0.1,-0.5,254.00000000000006,16.000000000000004
4.780338952058543,8.100000000000002E-4,0.21611304624329922,0.12631156812924296,0.2005836009783637,0.0,77.79100205996019,0.1,-0.5,254.00000000000006,19.000000000000004
4.780390620982165,5.166892362238837E-5,0.21611304624329922,0.12631156812924296,0.2005836009783637,0.0,77.79100205996019,0.1,-0.5,254.00000000000006,19.000000000000004
4.780545627753032,1.5500677086716512E-4,0.21611304624329922,0.12631156812924296,0.2005836009783637,0.0,77.79100205996019,0.1,-0.5,254.00000000000006,19.000000000000004
4.781010648065633,4.650203126014954E-4,0.21647496183878348,0.12629592078378749,0.20063394014646463,0.0,77.80525262021001,0.1,-0.5,254.00000000000006,19.000000000000004
4.782405709003438,0.001395060937804486,0.21683848548522583,0.12628023558270068,0.20068426743800483,0.0,77.81950301247934,0.1,-0.5,254.00000000000006,19.000000000000004
4.786590891816852,0.004185182813413458,0.21830831734686731,0.12621711915851136,0.20088545797185803,0.0,77.87650293094066,0.1,-0.5,254.00000000000006,19.000000000000004
4.7991464402570925,0.012555548440240375,0.22325208074404704,0.12600789836283646,0.2015380123621633,0.0,78.06173577146683,0.1,-0.5,255.00000000000006,20.000000000000004
4.8006412334818265,0.0014947932247342999,0.22364269301056197,0.12599154599851167,0.20158812466774917,0.0,78.07598343923473,0.1,-0.5,255.00000000000006,19.000000000000004
4.805125613156029,0.004484379674202899,0.22561742369109525,0.12590922911942917,0.2018385030673872,0.0,78.14721964598311,0.1,-0.5,255.00000000000006,19.000000000000004
4.818578752178638,0.013453139022608699,0.23091561993809884,0.12569088669078568,0.20248804143187543,0.0,78.33241737443177,0.1,-0.5,254.00000000000006,22.000000000000004
4.818588752178638,1.0E-5,0.23091561993809884,0.12569088669078568,0.20248804143187543,0.0,78.33241737443177,0.1,-0.5,254.00000000000006,22.000000000000004
4.818618752178637,3.0000000000000004E-5,0.23091561993809884,0.12569088669078568,0.20248804143187543,0.0,78.33241737443177,0.1,-0.5,254.00000000000006,22.000000000000004
4.818708752178638,9.000000000000002E-5,0.23091561993809884,0.12569088669078568,0.20248804143187543,0.0,78.33241737443177,0.1,-0.5,254.00000000000006,22.000000000000004
4.818978752178638,2.7000000000000006E-4,0.23091561993809884,0.12569088669078568,0.20248804143187543,0.0,78.33241737443177,0.1,-0.5,254.00000000000006,22.000000000000004
4.8197887521786384,8.100000000000002E-4,0.23133266673035463,0.125673833805571,0.20253791850454078,0.0,78.34666239525086,0.1,-0.5,254.00000000000006,22.000000000000004
4.822218752178639,0.0024300000000000007,0.23259172676659803,0.1256224552857707,0.2026874740430144,0.0,78.38939665620728,0.1,-0.5,254.00000000000006,18.000000000000004
4.829508752178639,0.007290000000000002,0.23557498624880271,0.12550129124184103,0.20303599243530163,0.0,78.48910531261208,0.1,-0.5,254.00000000000006,18.000000000000004
4.851378752178639,0.021870000000000007,0.24534558396019251,0.12510886546131195,0.20412720313961202,0.0,78.80243442793017,0.1,-0.5,254.00000000000006,26.000000000000007
4.852114393202431,7.356410237916017E-4,0.2458032784021281,0.12509061071779043,0.20417665191357115,0.0,78.8166752202028,0.1,-0.5,254.00000000000006,26.000000000000007
4.854321316273806,0.002206923071374805,0.24672207344731897,0.1250539927929106,0.2042755092868807,0.0,78.84515643601526,0.1,-0.5,254.00000000000006,26.000000000000007
4.86094208548793,0.006620769214124415,0.24950533258341648,0.12494327263622312,0.2045717582725743,0.0,78.9305971502954,0.1,-0.5,255.00000000000006,35.00000000000001
4.861143982866303,2.018973783734308E-4,0.24997307403605126,0.12492469309377917,0.20462108572625748,0.0,78.94483684390843,0.1,-0.5,255.00000000000006,35.00000000000001
4.861749675001423,6.056921351202924E-4,0.24997307403605126,0.12492469309377917,0.20462108572625748,0.0,78.94483684390843,0.1,-0.5,255.00000000000006,35.00000000000001
4.863566751406784,0.0018170764053608772,0.25091182379612614,0.12488742599396056,0.204719699807144,0.0,78.97331586836708,0.1,-0.5,255.00000000000006,35.00000000000001
4.869017980622867,0.005451229216082631,0.2537538463205449,0.12477476171755925,0.2050152136972409,0.0,79.05875005387361,0.1,-0.5,255.00000000000006,35.00000000000001
4.885371668271115,0.01635368764824789,0.2615147118532285,0.1244680174474275,0.20580080867690376,0.0,79.28655362002337,0.1,-0.5,255.00000000000006,38.00000000000001
4.886338170907075,9.665026359597208E-4,0.26200825404490385,0.12444854239692195,0.20584978883778576,0.0,79.30079034229902,0.1,-0.5,255.00000000000006,38.00000000000001
4.889237678814954,0.0028995079078791624,0.2634946886017307,0.12438990361522788,0.20599664397454887,0.0,79.34349980821116,0.1,-0.5,255.00000000000006,38.00000000000001
4.897936202538592,0.008698523723637486,0.26750032368704396,0.12423196967656501,0.20638762750658518,0.0,79.45738659765084,0.1,-0.5,254.00000000000006,54.000000000000014
4.897946202538591,1.0E-5,0.26750032368704396,0.12423196967656501,0.20638762750658518,0.0,79.45738659765084,0.1,-0.5,254.00000000000006,54.000000000000014
4.897976202538591,3.0000000000000004E-5,0.26750032368704396,0.12423196967656501,0.20638762750658518,0.0,79.45738659765084,0.1,-0.5,254.00000000000006,54.000000000000014
4.898066202538591,9.000000000000002E-5,0.26800522524517545,0.12421206827757067,0.20643643555970764,0.0,79.47162192467204,0.1,-0.5,254.00000000000006,54.000000000000014
4.898336202538592,2.7000000000000006E-4,0.26800522524517545,0.12421206827757067,0.20643643555970764,0.0,79.47162192467204,0.1,-0.5,254.00000000000006,54.000000000000014
4.899146202538592,8.100000000000002E-4,0.2685110451335224,0.12419213145169711,0.2064852291117505,0.0,79.48585713610464,0.1,-0.5,254.00000000000006,54.000000000000014
4.9015762025385925,0.0024300000000000007,0.2695254228915866,0.12415215158213048,0.20658277261483787,0.0,79.51432721257652,0.1,-0.5,254.00000000000006,60.000000000000014
4.90165924896733,8.30464287371737E-5,0.2695254228915866,0.12415215158213048,0.20658277261483787,0.0,79.51432721257652,0.1,-0.5,254.00000000000006,60.000000000000014
4.901908388253541,2.4913928621152106E-4,0.2695254228915866,0.12415215158213048,0.20658277261483787,0.0,79.51432721257652,0.1,-0.5,254.00000000000006,60.000000000000014
4.902655806112175,7.474178586345632E-4,0.2700339723061515,0.12413210856983836,0.20663152251699735,0.0,79.52856207779769,0.1,-0.5,254.00000000000006,60.000000000000014
4.90489805968808,0.00224225357590369,0.2710537712158274,0.1240919164687157,0.20672897850032168,0.0,79.55703146265114,0.1,-0.5,254.00000000000006,60.000000000000014
4.911624820415791,0.006726760727711069,0.2746509835469155,0.1239501319583969,0.20706961175442112,0.0,79.65667068954599,0.1,-0.5,254.00000000000006,65.00000000000001
4.911873397833542,2.48577417751027E-4,0.2746509835469155,0.1239501319583969,0.20706961175442112,0.0,79.65667068954599,0.1,-0.5,254.00000000000006,65.00000000000001
4.912619130086795,7.457322532530811E-4,0.2751683614310658,0.12392973601124843,0.20711821456789747,0.0,79.67090440614447,0.1,-0.5,254.00000000000006,65.00000000000001
4.914856326846555,0.0022371967597592433,0.27620569469666906,0.12388883851091054,0.20721537564038928,0.0,79.69937149604857,0.1,-0.5,254.00000000000006,65.00000000000001
4.921567917125833,0.006711590279277729,0.27986300986703455,0.12374459004210664,0.20755496900569004,0.0,79.79900271286806,0.1,-0.5,255.00000000000006,81.00000000000001
4.921667399646137,9.948252030404344E-5,0.27986300986703455,0.12374459004210664,0.20755496900569004,0.0,79.79900271286806,0.1,-0.5,255.00000000000006,81.00000000000001
4.921965847207049,2.984475609121303E-4,0.27986300986703455,0.12374459004210664,0.20755496900569004,0.0,79.79900271286806,0.1,-0.5,255.00000000000006,81.00000000000001
4.922861189889785,8.953426827363909E-4,0.28038881540191574,0.12372384272788817,0.20760342228588125,0.0,79.81323528777102,0.1,-0.5,255.00000000000006,81.00000000000001
4.925547217937994,0.002686028048209173,0.2819711453557835,0.12366139054479593,0.20774869150241604,0.0,79.8559323295849,0.1,-0.5,255.00000000000006,81.00000000000001
4.933605302082621,0.008058084144627518,0.28622606141487444,0.12349331238367585,0.20813540720634105,0.0,79.9697861084178,0.1,-0.5,254.00000000000006,89.00000000000001
4.933615302082621,1.0E-5,0.28622606141487444,0.12349331238367585,0.20813540720634105,0.0,79.9697861084178,0.1,-0.5,254.00000000000006,89.00000000000001
4.9336453020826205,3.0000000000000004E-5,0.28622606141487444,0.12349331238367585,0.20813540720634105,0.0,79.9697861084178,0.1,-0.5,254.00000000000006,89.00000000000001
4.933735302082621,9.000000000000002E-5,0.28622606141487444,0.12349331238367585,0.20813540720634105,0.0,79.9697861084178,0.1,-0.5,254.00000000000006,89.00000000000001
4.934005302082621,2.7000000000000006E-4,0.28676147659810935,0.12347214549709246,0.2081836778225472,0.0,79.98401732028015,0.1,-0.5,254.00000000000006,89.00000000000001
4.9348153020826215,8.100000000000002E-4,0.28676147659810935,0.12347214549709246,0.2081836778225472,0.0,79.98401732028015,0.1,-0.5,254.00000000000006,89.00000000000001
4.937245302082622,0.0024300000000000007,0.28837236903791547,0.12340843572458515,0.20832839729015107,0.0,80.02671027617998,0.1,-0.5,254.00000000000006,89.00000000000001
4.944535302082622,0.007290000000000002,0.29215776806948024,0.12325856177374951,0.20866553403195992,0.0,80.12632321297951,0.1,-0.5,254.00000000000006,114.00000000000003
4.944581735793011,4.6433710388421496E-5,0.29215776806948024,0.12325856177374951,0.20866553403195992,0.0,80.12632321297951,0.1,-0.5,254.00000000000006,114.00000000000003
4.944721036924176,1.3930113116526448E-4,0.29215776806948024,0.12325856177374951,0.20866553403195992,0.0,80.12632321297951,0.1,-0.5,254.00000000000006,114.00000000000003
4.945138940317672,4.179033934957934E-4,0.2927015335850586,0.12323701226013042,0.20871363412188143,0.0,80.14055318039436,0.1,-0.5,254.00000000000006,114.00000000000003
4.946392650498159,0.0012537101804873801,0.29324603727099274,0.1232154280561794,0.208761718563375,0.0,80.1547830348677,0.1,-0.5,254.00000000000006,114.00000000000003
4.950153781039621,0.0037611305414621404,0.2954313655171217,0.1231287446502036,0.20895389935891145,0.0,80.21170132388306,0.1,-0.5,254.00000000000006,124.00000000000003
4.950192127128177,3.834608855582651E-5,0.2954313655171217,0.1231287446502036,0.20895389935891145,0.0,80.21170132388306,0.1,-0.5,254.00000000000006,124.00000000000003
4.950307165393844,1.1503826566747953E-4,0.2954313655171217,0.1231287446502036,0.20895389935891145,0.0,80.21170132388306,0.1,-0.5,254.00000000000006,124.00000000000003
4.950652280190846,3.451147970024386E-4,0.2954313655171217,0.1231287446502036,0.20895389935891145,0.0,80.21170132388306,0.1,-0.5,254.00000000000006,124.00000000000003
4.9516876245818535,0.0010353443910073158,0.2959795090419889,0.12310698722945508,0.20900190519370593,0.0,80.22593061404814,0.1,-0.5,254.00000000000006,124.00000000000003
4.954793657754876,0.0031060331730219477,0.29762823357201035,0.12304150745152967,0.209145827835792,0.0,80.26861780792115,0.1,-0.5,254.00000000000006,124.00000000000003
4.964111757273942,0.009318099519065842,0.3031695054744235,0.12282099818874695,0.20962453494646816,0.0,80.41090113062091,0.1,-0.5,254.00000000000006,136.00000000000003
4.964161640115209,4.988284126682333E-5,0.3031695054744235,0.12282099818874695,0.20962453494646816,0.0,80.41090113062091,0.1,-0.5,254.00000000000006,136.00000000000003
4.964311288639009,1.4964852380046999E-4,0.3031695054744235,0.12282099818874695,0.20962453494646816,0.0,80.41090113062091,0.1,-0.5,254.00000000000006,136.00000000000003
4.96476023421041,4.4894557140141E-4,0.3031695054744235,0.12282099818874695,0.20962453494646816,0.0,80.41090113062091,0.1,-0.5,254.00000000000006,136.00000000000003
4.966107070924615,0.00134683671420423,0.3042859711146218,0.1227764831215064,0.20972008383334734,0.0,80.43935644428029,0.1,-0.5,254.00000000000006,136.00000000000003
4.970147581067227,0.00404051014261269,0.3065269122082733,0.12268704077492268,0.20991098752468296,0.0,80.49626572180568,0.1,-0.5,255.00000000000006,155.00000000000003
4.972167836138533,0.002020255071306345,0.3076513383448157,0.12264211374628697,0.21000634194298473,0.0,80.52471968591317,0.1,-0.5,255.00000000000006,155.00000000000003
4.978228601352452,0.0060607652139190345,0.31104014797946417,0.12250651074360129,0.21029201317462737,0.0,80.61007888095037,0.1,-0.5,255.00000000000006,155.00000000000003
4.996410896994209,0.018182295641757103,0.32134087421272667,0.12209233384220118,0.21114545367972987,0.0,80.86613221297375,0.1,-0.5,254.00000000000006,169.00000000000003
4.996420896994208,1.0E-5,0.32134087421272667,0.12209233384220118,0.21114545367972987,0.0,80.86613221297375,0.1,-0.5,254.00000000000006,169.00000000000003
4.996450896994208,3.0000000000000004E-5,0.32134087421272667,0.12209233384220118,0.21114545367972987,0.0,80.86613221297375,0.1,-0.5,254.00000000000006,169.00000000000003
4.996540896994208,9.000000000000002E-5,0.32134087421272667,0.12209233384220118,0.21114545367972987,0.0,80.86613221297375,0.1,-0.5,254.00000000000006,169.00000000000003
4.996810896994209,2.7000000000000006E-4,0.32134087421272667,0.12209233384220118,0.21114545367972987,0.0,80.86613221297375,0.1,-0.5,254.00000000000006,169.00000000000003
4.997620896994209,8.100000000000002E-4,0.32191881862469796,0.12206900120582012,0.21119270799026574,0.0,80.88035633225945,0.1,-0.5,254.00000000000006,169.00000000000003
5.0000508969942095,0.0024300000000000007,0.3236561194878027,0.12199880010861883,0.21133436941787725,0.0,80.9230280174097,0.1,-0.5,254.00000000000006,196.00000000000006
5.00734089699421,0.007290000000000002,0.32772970840895516,0.12183381430209372,0.2116643175879252,0.0,81.02259135992517,0.1,-0.5,254.00000000000006,196.00000000000006
5.0292108969942095,0.021870000000000007,0.34070496956686064,0.12130455658796037,0.21269579243100423,0.0,81.33546900442934,0.1,-0.5,252.00000000000006,199.00000000000006
5.029220896994209,1.0E-5,0.34070496956686064,0.12130455658796037,0.21269579243100423,0.0,81.33546900442934,0.1,-0.5,252.00000000000006,199.00000000000006
5.029250896994209,3.0000000000000004E-5,0.34070496956686064,0.12130455658796037,0.21269579243100423,0.0,81.33546900442934,0.1,-0.5,252.00000000000006,199.00000000000006
5.029340896994209,9.000000000000002E-5,0.34070496956686064,0.12130455658796037,0.21269579243100423,0.0,81.33546900442934,0.1,-0.5,252.00000000000006,199.00000000000006
5.0296108969942095,2.7000000000000006E-4,0.34070496956686064,0.12130455658796037,0.21269579243100423,0.0,81.33546900442934,0.1,-0.5,252.00000000000006,199.00000000000006
5.03042089699421,8.100000000000002E-4,0.3413006916841893,0.12128011438105633,0.21274247647648564,0.0,81.34968942925843,0.1,-0.5,246.00000000000006,230.00000000000006
5.0304308969942095,1.0E-5,0.3413006916841893,0.12128011438105633,0.21274247647648564,0.0,81.34968942925843,0.1,-0.5,246.00000000000006,230.00000000000006
5.030460896994209,3.0000000000000004E-5,0.3413006916841893,0.12128011438105633,0.21274247647648564,0.0,81.34968942925843,0.1,-0.5,246.00000000000006,230.00000000000006
5.030550896994209,9.000000000000002E-5,0.3413006916841893,0.12128011438105633,0.21274247647648564,0.0,81.34968942925843,0.1,-0.5,246.00000000000006,230.00000000000006
5.03082089699421,2.7000000000000006E-4,0.3413006916841893,0.12128011438105633,0.21274247647648564,0.0,81.34968942925843,0.1,-0.5,246.00000000000006,230.00000000000006
5.03163089699421,8.100000000000002E-4,0.34189691111676795,0.1212556388188262,0.21278914284047856,0.0,81.363909742342,0.1,-0.5,246.00000000000006,230.00000000000006
5.034060896994211,0.0024300000000000007,0.34368853030531216,0.1211820121581886,0.21292903560933918,0.0,81.40657001125965,0.1,-0.5,246.00000000000006,230.00000000000006
5.041350896994211,0.007290000000000002,0.34788595584268045,0.12100905213102825,0.21325482885143376,0.0,81.50610673043911,0.1,-0.5,242.00000000000006,230.00000000000006
5.0413608969942105,1.0E-5,0.34788595584268045,0.12100905213102825,0.21325482885143376,0.0,81.50610673043911,0.1,-0.5,242.00000000000006,230.00000000000006
5.04139089699421,3.0000000000000004E-5,0.34788595584268045,0.12100905213102825,0.21325482885143376,0.0,81.50610673043911,0.1,-0.5,242.00000000000006,230.00000000000006
5.04148089699421,9.000000000000002E-5,0.34788595584268045,0.12100905213102825,0.21325482885143376,0.0,81.50610673043911,0.1,-0.5,242.00000000000006,230.00000000000006
5.041750896994211,2.7000000000000006E-4,0.34788595584268045,0.12100905213102825,0.21325482885143376,0.0,81.50610673043911,0.1,-0.5,242.00000000000006,230.00000000000006
5.042560896994211,8.100000000000002E-4,0.34848749591291445,0.12098421070367511,0.2133012991758556,0.0,81.52032581532603,0.1,-0.5,242.00000000000006,230.00000000000006
5.044990896994212,0.0024300000000000007,0.34969198490775577,0.1209344283682488,0.2133941859162446,0.0,81.54876365045129,0.1,-0.5,242.00000000000006,230.00000000000006
5.052280896994212,0.007290000000000002,0.3545284091366148,0.12073397494117842,0.2137650106902123,0.0,81.66251053170345,0.1,-0.5,233.00000000000006,235.00000000000006
5.0522908969942115,1.0E-5,0.3545284091366148,0.12073397494117842,0.2137650106902123,0.0,81.66251053170345,0.1,-0.5,233.00000000000006,235.00000000000006
5.052320896994211,3.0000000000000004E-5,0.3545284091366148,0.12073397494117842,0.2137650106902123,0.0,81.66251053170345,0.1,-0.5,233.00000000000006,235.00000000000006
5.052410896994211,9.000000000000002E-5,0.3545284091366148,0.12073397494117842,0.2137650106902123,0.0,81.66251053170345,0.1,-0.5,233.00000000000006,235.00000000000006
5.052680896994212,2.7000000000000006E-4,0.3545284091366148,0.12073397494117842,0.2137650106902123,0.0,81.66251053170345,0.1,-0.5,233.00000000000006,235.00000000000006
5.053490896994212,8.100000000000002E-4,0.35513500473229986,0.12070876956484614,0.21381128215809597,0.0,81.67672839051647,0.1,-0.5,233.00000000000006,235.00000000000006
5.055920896994213,0.0024300000000000007,0.35634953457882684,0.12065825985478454,0.21390377041993064,0.0,81.70516377413787,0.1,-0.5,233.00000000000006,235.00000000000006
5.063210896994213,0.007290000000000002,0.36122520199380237,0.12045490391281675,0.2142729910950601,0.0,81.81890085851182,0.1,-0.5,221.00000000000006,245.00000000000006
5.0632208969942125,1.0E-5,0.36122520199380237,0.12045490391281675,0.2142729910950601,0.0,81.81890085851182,0.1,-0.5,221.00000000000006,245.00000000000006
5.063250896994212,3.0000000000000004E-5,0.36122520199380237,0.12045490391281675,0.2142729910950601,0.0,81.81890085851182,0.1,-0.5,221.00000000000006,245.00000000000006
5.063340896994212,9.000000000000002E-5,0.36122520199380237,0.12045490391281675,0.2142729910950601,0.0,81.81890085851182,0.1,-0.5,221.00000000000006,245.00000000000006
5.063610896994213,2.7000000000000006E-4,0.36122520199380237,0.12045490391281675,0.2142729910950601,0.0,81.81890085851182,0.1,-0.5,221.00000000000006,245.00000000000006
5.064420896994213,8.100000000000002E-4,0.36183660121239625,0.12042933650847341,0.21431906090727793,0.0,81.83311749380618,0.1,-0.5,221.00000000000006,245.00000000000006
5.066850896994214,0.0024300000000000007,0.36306067160331956,0.12037810326709598,0.2144111450972207,0.0,81.86155043116105,0.1,-0.5,221.00000000000006,245.00000000000006
5.074140896994214,0.007290000000000002,0.3679736268268165,0.1201718602024618,0.2147787393660805,0.0,81.97527774134687,0.1,-0.5,204.00000000000006,251.00000000000006
5.0741508969942135,1.0E-5,0.3679736268268165,0.1201718602024618,0.2147787393660805,0.0,81.97527774134687,0.1,-0.5,204.00000000000006,251.00000000000006
5.074180896994213,3.0000000000000004E-5,0.3679736268268165,0.1201718602024618,0.2147787393660805,0.0,81.97527774134687,0.1,-0.5,204.00000000000006,251.00000000000006
5.074270896994213,9.000000000000002E-5,0.3679736268268165,0.1201718602024618,0.2147787393660805,0.0,81.97527774134687,0.1,-0.5,204.00000000000006,251.00000000000006
5.074540896994214,2.7000000000000006E-4,0.3679736268268165,0.1201718602024618,0.2147787393660805,0.0,81.97527774134687,0.1,-0.5,204.00000000000006,251.00000000000006
5.075350896994214,8.100000000000002E-4,0.36858959031725136,0.12014593269632542,0.214824604741656,0.0,81.98949315615937,0.1,-0.5,204.00000000000006,251.00000000000006
5.077780896994215,0.0024300000000000007,0.3698227258739486,0.12009397977756511,0.21491627930274443,0.0,82.01792365346228,0.1,-0.5,204.00000000000006,251.00000000000006
5.085070896994215,0.007290000000000002,0.3747711109584293,0.11988486502644874,0.21528222500428967,0.0,82.13164121619911,0.1,-0.5,189.00000000000003,251.00000000000006
5.0850808969942145,1.0E-5,0.3747711109584293,0.11988486502644874,0.21528222500428967,0.0,82.13164121619911,0.1,-0.5,189.00000000000003,251.00000000000006
5.085110896994214,3.0000000000000004E-5,0.3747711109584293,0.11988486502644874,0.21528222500428967,0.0,82.13164121619911,0.1,-0.5,189.00000000000003,251.00000000000006
5.085200896994214,9.000000000000002E-5,0.3747711109584293,0.11988486502644874,0.21528222500428967,0.0,82.13164121619911,0.1,-0.5,189.00000000000003,251.00000000000006
5.085470896994215,2.7000000000000006E-4,0.3747711109584293,0.11988486502644874,0.21528222500428967,0.0,82.13164121619911,0.1,-0.5,189.00000000000003,251.00000000000006
5.086280896994215,8.100000000000002E-4,0.375391411295719,0.11985857935039816,0.2153278831806349,0.0,82.14585541408997,0.1,-0.5,189.00000000000003,251.00000000000006
5.088710896994216,0.0024300000000000007,0.37663316032613275,0.1198059106196194,0.2154191425927383,0.0,82.17428347860414,0.1,-0.5,189.00000000000003,251.00000000000006
5.096000896994216,0.007290000000000002,0.38161520989953995,0.11959393966537779,0.21578341771390264,0.0,82.28799132493577,0.1,-0.5,171.00000000000003,255.00000000000006
5.0960108969942155,1.0E-5,0.38161520989953995,0.11959393966537779,0.21578341771390264,0.0,82.28799132493577,0.1,-0.5,171.00000000000003,255.00000000000006
5.096040896994215,3.0000000000000004E-5,0.38161520989953995,0.11959393966537779,0.21578341771390264,0.0,82.28799132493577,0.1,-0.5,171.00000000000003,255.00000000000006
5.096130896994215,9.000000000000002E-5,0.38161520989953995,0.11959393966537779,0.21578341771390264,0.0,82.28799132493577,0.1,-0.5,171.00000000000003,255.00000000000006
5.096400896994216,2.7000000000000006E-4,0.38161520989953995,0.11959393966537779,0.21578341771390264,0.0,82.28799132493577,0.1,-0.5,171.00000000000003,255.00000000000006
5.097210896994216,8.100000000000002E-4,0.38223963099054764,0.1195672977573493,0.21582886594699252,0.0,82.30220431001135,0.1,-0.5,171.00000000000003,255.00000000000006
5.099640896994217,0.0024300000000000007,0.38348956430897196,0.11951391709213746,0.21591970472714417,0.0,82.33062995010323,0.1,-0.5,171.00000000000003,255.00000000000006
5.106930896994217,0.007290000000000002,0.3878756121794239,0.11932606953659664,0.21623703239384334,0.0,82.43011622899121,0.1,-0.5,149.00000000000003,254.00000000000006
5.107700767974532,7.698709803157284E-4,0.3885036009620356,0.119299105468408,0.2162822874039687,0.0,82.4443281155477,0.1,-0.5,149.00000000000003,254.00000000000006
5.1100103809154795,0.002309612940947185,0.3903896472865212,0.11921802056370154,0.2164179356710838,0.0,82.4869631176507,0.5,-0.1,136.00000000000003,254.00000000000006
5.116939219738321,0.006928838822841555,0.393227346467958,0.11905904093973076,0.2166903851801773,0.0,82.57181056183117,0.5,-0.1,136.00000000000003,254.00000000000006
5.137725736206846,0.020786516468524665,0.39069872993544275,0.1186635473870133,0.21771000560334064,0.0,82.86823997025476,0.5,-0.1,126.00000000000003,255.00000000000006
5.2000852856124204,0.06235954940557399,0.37985871296660634,0.11754988023712236,0.22079568086442736,0.0,83.75731798230481,0.5,-0.1,191.00000000000003,250.00000000000006
5.202101329716828,0.002016044104407249,0.37935633082693904,0.11751706896772947,0.22089457899069864,0.0,83.7855461494969,0.5,-0.1,191.00000000000003,250.00000000000006
5.2081494620300495,0.0060481323132217475,0.37779830407307113,0.11741954452792615,0.22119159641449293,0.0,83.87023282749124,0.5,-0.1,191.00000000000003,250.00000000000006
5.226293858969715,0.01814439693966524,0.37269464666019114,0.11713500149942246,0.2220854494091139,0.0,84.1243151148442,0.5,-0.1,254.00000000000006,29.000000000000007
5.235366057439547,0.00907219846983262,0.3699126827938589,0.11699723600713294,0.2225339134376087,0.0,84.25137022912804,0.1,-0.5,254.00000000000006,1.0000000000000002
5.262582652849045,0.027216595409497862,0.37751835413532864,0.11641151412769626,0.22381154721712998,0.0,84.63332912555552,0.1,-0.5,254.00000000000006,1.0000000000000002
5.344232439077539,0.08164978622849359,0.4122240547433659,0.11437989924438184,0.22757905796716232,0.0,85.79185862766053,0.1,-0.5,254.00000000000006,1.0000000000000002
5.589181797763019,0.24494935868548076,0.5511789813237259,0.10700025875853617,0.2380485032480495,0.0,89.25689310861208,0.1,-0.5,254.00000000000006,1.0000000000000002
5.9891817977630195,0.4,0.8191391335060045,0.09138611514297874,0.2519532011935164,0.0,94.91708673723997,0.1,-0.5,254.00000000000006,20.000000000000004
5.991100600544946,0.0019188027819265503,0.8205225163945559,0.09129869410218486,0.25201118940947764,0.0,94.94538453502764,0.1,-0.5,1.0000000000000002,254.00000000000006
5.992060001935909,9.594013909632751E-4,0.8212142864144608,0.09125495299001647,0.25204013729104296,0.0,94.95953341315726,0.1,-0.5,1.0000000000000002,254.00000000000006
5.994938206108799,0.0028782041728898254,0.8225979823932134,0.09116740969255055,0.25209794053037016,0.0,94.98783112783894,0.1,-0.5,1.0000000000000002,254.00000000000006
6.003572818627468,0.008634612518669475,0.828827140054908,0.09077246152502222,0.2523565256650234,0.0,95.11517015592472,0.5,-0.1,1.0000000000000002,254.00000000000006
6.029476656183476,0.025903837556008426,0.8307226378653982,0.08975268004426283,0.2532341306515825,0.0,95.48012399213303,0.5,-0.1,5.000000000000001,251.00000000000006
6.029486656183476,1.0E-5,0.8307226378653982,0.08975268004426283,0.2532341306515825,0.0,95.48012399213303,0.5,-0.1,5.000000000000001,251.00000000000006
6.029516656183476,3.0000000000000004E-5,0.8307226378653982,0.08975268004426283,0.2532341306515825,0.0,95.48012399213303,0.5,-0.1,5.000000000000001,251.00000000000006
6.029606656183476,9.000000000000002E-5,0.8307226378653982,0.08975268004426283,0.2532341306515825,0.0,95.48012399213303,0.5,-0.1,5.000000000000001,251.00000000000006
6.029876656183476,2.7000000000000006E-4,0.8307226378653982,0.08975268004426283,0.2532341306515825,0.0,95.48012399213303,0.5,-0.1,5.000000000000001,251.00000000000006
6.030686656183477,8.100000000000002E-4,0.8307387095064892,0.0897144475933602,0.2532689630690093,0.0,95.49415324750726,0.5,-0.1,43.00000000000001,216.00000000000006
6.030696656183476,1.0E-5,0.8307387095064892,0.0897144475933602,0.2532689630690093,0.0,95.49415324750726,0.5,-0.1,43.00000000000001,216.00000000000006
6.030726656183476,3.0000000000000004E-5,0.8307387095064892,0.0897144475933602,0.2532689630690093,0.0,95.49415324750726,0.5,-0.1,43.00000000000001,216.00000000000006
6.030816656183476,9.000000000000002E-5,0.8307387095064892,0.0897144475933602,0.2532689630690093,0.0,95.49415324750726,0.5,-0.1,43.00000000000001,216.00000000000006
6.031086656183477,2.7000000000000006E-4,0.8307555663405931,0.08967614456542963,0.2533037180755143,0.0,95.50818341930972,0.5,-0.1,43.00000000000001,216.00000000000006
6.031896656183477,8.100000000000002E-4,0.8307555663405931,0.08967614456542963,0.2533037180755143,0.0,95.50818341930972,0.5,-0.1,43.00000000000001,216.00000000000006
6.034326656183477,0.0024300000000000007,0.8307771307627284,0.08956116627081245,0.25340790653046497,0.0,95.55027982323372,0.5,-0.1,43.00000000000001,216.00000000000006
6.041616656183478,0.007290000000000002,0.8304660598019216,0.0892953234013239,0.25365367962333185,0.0,95.64851803285046,0.5,-0.1,55.000000000000014,200.00000000000006
6.041626656183477,1.0E-5,0.8304660598019216,0.0892953234013239,0.25365367962333185,0.0,95.64851803285046,0.5,-0.1,55.000000000000014,200.00000000000006
6.041656656183477,3.0000000000000004E-5,0.8304660598019216,0.0892953234013239,0.25365367962333185,0.0,95.64851803285046,0.5,-0.1,55.000000000000014,200.00000000000006
6.041746656183477,9.000000000000002E-5,0.8304660598019216,0.0892953234013239,0.25365367962333185,0.0,95.64851803285046,0.5,-0.1,55.000000000000014,200.00000000000006
6.042016656183478,2.7000000000000006E-4,0.8303820878718832,0.08925772496624809,0.25368920443996995,0.0,95.66255153713246,0.5,-0.1,55.000000000000014,200.00000000000006
6.042826656183478,8.100000000000002E-4,0.8303820878718832,0.08925772496624809,0.25368920443996995,0.0,95.66255153713246,0.5,-0.1,55.000000000000014,200.00000000000006
6.045256656183478,0.0024300000000000007,0.830096133157716,0.08914535608272105,0.2537962440601528,0.0,95.70465076277787,0.5,-0.1,55.000000000000014,200.00000000000006
6.052546656183479,0.007290000000000002,0.8293565597448793,0.08888437145864994,0.25404731480326614,0.0,95.80287964846093,0.5,-0.1,89.00000000000001,160.00000000000003
6.052556656183478,1.0E-5,0.8293565597448793,0.08888437145864994,0.25404731480326614,0.0,95.80287964846093,0.5,-0.1,89.00000000000001,160.00000000000003
6.052586656183478,3.0000000000000004E-5,0.8293565597448793,0.08888437145864994,0.25404731480326614,0.0,95.80287964846093,0.5,-0.1,89.00000000000001,160.00000000000003
6.052676656183478,9.000000000000002E-5,0.8293565597448793,0.08888437145864994,0.25404731480326614,0.0,95.80287964846093,0.5,-0.1,89.00000000000001,160.00000000000003
6.052946656183479,2.7000000000000006E-4,0.8293565597448793,0.08888437145864994,0.25404731480326614,0.0,95.80287964846093,0.5,-0.1,89.00000000000001,160.00000000000003
6.053756656183479,8.100000000000002E-4,0.8292492187208045,0.08884713171217803,0.2540832284415611,0.0,95.81691269223074,0.5,-0.1,89.00000000000001,160.00000000000003
6.056186656183479,0.0024300000000000007,0.8289223433303121,0.0887354524234392,0.25419101073590994,0.0,95.85901323723147,0.5,-0.1,89.00000000000001,160.00000000000003
6.06347665618348,0.007290000000000002,0.8280859238093665,0.0884754546269248,0.25444312992026763,0.0,95.95725758462959,0.5,-0.1,128.00000000000003,117.00000000000003
6.063486656183479,1.0E-5,0.8280859238093665,0.0884754546269248,0.25444312992026763,0.0,95.95725758462959,0.5,-0.1,128.00000000000003,117.00000000000003
6.063516656183479,3.0000000000000004E-5,0.8280859238093665,0.0884754546269248,0.25444312992026763,0.0,95.95725758462959,0.5,-0.1,128.00000000000003,117.00000000000003
6.063606656183479,9.000000000000002E-5,0.8280859238093665,0.0884754546269248,0.25444312992026763,0.0,95.95725758462959,0.5,-0.1,128.00000000000003,117.00000000000003
6.06387665618348,2.7000000000000006E-4,0.8280859238093665,0.0884754546269248,0.25444312992026763,0.0,95.95725758462959,0.5,-0.1,128.00000000000003,117.00000000000003
6.06468665618348,8.100000000000002E-4,0.8279540581802625,0.08843842179210779,0.25447926490308953,0.0,95.9712934738518,0.5,-0.1,128.00000000000003,117.00000000000003
6.06711665618348,0.0024300000000000007,0.8275380231232543,0.08832752474920302,0.25458788655090137,0.0,96.01340220273005,0.5,-0.1,128.00000000000003,117.00000000000003
6.074406656183481,0.007290000000000002,0.8264597057042514,0.08806991471116568,0.2548425700351792,0.0,96.11166088647587,0.4,-0.4,166.00000000000003,74.00000000000001
6.07805165618348,0.003645000000000001,0.8259407086571523,0.08792240207337393,0.25498925336709327,0.0,96.17052273503805,0.4,-0.4,166.00000000000003,74.00000000000001
6.08898665618348,0.010935000000000004,0.8273066046623712,0.08751616599837819,0.25535068606323913,0.0,96.32032952469672,0.1,-0.5,202.00000000000006,37.00000000000001
6.12179165618348,0.032805000000000015,0.8426650507468544,0.08609822175802667,0.2563847294257187,0.0,96.78985556287807,0.1,-0.5,214.00000000000006,28.000000000000007
6.22020665618348,0.09841500000000004,0.896478659651289,0.08173089778794465,0.25920027301763987,0.0,98.19380636410915,0.1,-0.5,229.00000000000006,14.000000000000004
6.5154516561834805,0.29524500000000015,1.0836749312394887,0.0676822515552392,0.26567350640478926,0.0,102.3757784629147,0.1,-0.5,254.00000000000006,1.0000000000000002
6.915451656183481,0.4,1.3590750742364501,0.047110577784488794,0.26954361968865276,0.0,108.04047212272508,0.1,-0.5,254.00000000000006,1.0000000000000002
7.315451656183481,0.4,1.6393710184474402,0.026291139215971662,0.2675443528002594,0.0,113.70021798187281,0.1,-0.5,254.00000000000006,1.0000000000000002
7.715451656183482,0.4,1.9204301219009035,0.006854556951463808,0.25984690110748754,0.0,119.35749572270197,0.1,-0.5,254.00000000000006,1.0000000000000002
8.115451656183481,0.4,2.201608172994045,-0.009678269661951538,0.24705991731675553,0.0,125.01368289028869,0.1,-0.5,254.00000000000006,1.0000000000000002
8.515451656183481,0.4,2.482804757825081,-0.02201175929321711,0.23018850509971756,0.0,130.66940691684113,0.1,-0.5,254.00000000000006,1.0000000000000002
8.915451656183482,0.4,2.7640042281153057,-0.02917842931681064,0.2105578160754764,0.0,136.3249370142771,0.1,-0.5,254.00000000000006,1.0000000000000002
9.315451656183482,0.4,3.0452041466527633,-0.03061583752966382,0.18970968397523447,0.0,141.98038632866383,0.1,-0.5,1.0000000000000002,254.00000000000006
9.515451656183481,0.2,3.1858041377993813,-0.0291327756663477,0.1793405809127518,0.0,144.80809677262096,0.5,-0.1,254.00000000000006,254.00000000000006
9.615451656183481,0.1,3.178579609275647,-0.028974961128992505,0.17417632516477266,0.0,146.2104727232968,0.5,-0.1,254.00000000000006,254.00000000000006
9.915451656183482,0.30000000000000004,3.0452885860049803,-0.03095227841468509,0.15873949740098825,0.0,150.43171594347268,0.5,-0.1,254.00000000000006,254.00000000000006
10.315451656183482,0.4,2.7857039350977932,-0.0386550189747043,0.13936104478528544,0.0,156.08046661644494,0.5,-0.1,254.00000000000006,254.00000000000006
10.715451656183482,0.4,2.507873563986489,-0.05147125284370385,0.12286385813722779,0.0,161.73484679783542,0.5,-0.1,1.0000000000000002,255.00000000000006
10.915451656183482,0.2,2.3676501640310734,-0.059486911388692,0.11612211644235738,0.0,164.56244426172634,0.5,-0.1,7.000000000000002,254.00000000000006
10.915461656183481,1.0E-5,2.3676501640310734,-0.059486911388692,0.11612211644235738,0.0,164.56244426172634,0.5,-0.1,7.000000000000002,254.00000000000006
10.915491656183482,3.0000000000000004E-5,2.3676501640310734,-0.059486911388692,0.11612211644235738,0.0,164.56244426172634,0.5,-0.1,7.000000000000002,254.00000000000006
10.915581656183482,9.000000000000002E-5,2.3676501640310734,-0.059486911388692,0.11612211644235738,0.0,164.56244426172634,0.5,-0.1,7.000000000000002,254.00000000000006
10.915851656183483,2.7000000000000006E-4,2.3676501640310734,-0.059486911388692,0.11612211644235738,0.0,164.56244426172634,0.5,-0.1,7.000000000000002,254.00000000000006
10.916661656183482,8.100000000000002E-4,2.3669483030478085,-0.059529305886569905,0.11609129545830617,0.0,164.57658246957544,0.5,-0.1,7.000000000000002,254.00000000000006
10.919091656183483,0.0024300000000000007,2.364842688514765,-0.05965661930778074,0.11599901142579609,0.0,164.61899710224725,0.5,-0.1,7.000000000000002,254.00000000000006
10.926381656183482,0.007290000000000002,2.3599294068071557,-0.05995443916749363,0.11578472766569438,0.0,164.7179646307436,0.5,-0.1,254.00000000000006,17.000000000000004
10.930026656183482,0.003645000000000001,2.3571217058477316,-0.06012509448351286,0.11566293862310924,0.0,164.77451753625837,0.1,-0.5,254.00000000000006,16.000000000000004
10.940961656183482,0.010935000000000004,2.3534569279072812,-0.06053439720153744,0.11534161145259718,0.0,164.91487900858874,0.1,-0.5,254.00000000000006,13.000000000000004
10.973766656183482,0.032805000000000015,2.3555818668827753,-0.061724389021666576,0.11412041719514189,0.0,165.37744851668685,0.1,-0.5,254.00000000000006,17.000000000000004
10.974558659639303,7.920034558215897E-4,2.3556785314338677,-0.06176012527718852,0.11408308681330019,0.0,165.39146840714966,0.1,-0.5,254.00000000000006,17.000000000000004
10.976934670006768,0.002376010367464769,2.3558750056811104,-0.0618315244685283,0.11400835304238822,0.0,165.4195081761718,0.1,-0.5,254.00000000000006,17.000000000000004
10.984062701109163,0.007128031102394307,2.356680753204202,-0.06211673774282245,0.11370904050302556,0.0,165.53167305884108,0.1,-0.5,254.00000000000006,78.00000000000001
10.984098114292605,3.5413183442217404E-5,2.356680753204202,-0.06211673774282245,0.11370904050302556,0.0,165.53167305884108,0.1,-0.5,254.00000000000006,78.00000000000001
10.984204353842932,1.0623955032665222E-4,2.356680753204202,-0.06211673774282245,0.11370904050302556,0.0,165.53167305884108,0.1,-0.5,254.00000000000006,78.00000000000001
10.984523072493912,3.1871865097995663E-4,2.356680753204202,-0.06211673774282245,0.11370904050302556,0.0,165.53167305884108,0.1,-0.5,254.00000000000006,78.00000000000001
10.985479228446852,9.561559529398699E-4,2.3567871594325154,-0.06215234257527036,0.11367158036876858,0.0,165.54569484961166,0.1,-0.5,254.00000000000006,78.00000000000001
10.988347696305672,0.0028684678588196096,2.3571222389094566,-0.06225902451750237,0.11355906861845942,0.0,165.58776201056253,0.1,-0.5,254.00000000000006,78.00000000000001
10.99695309988213,0.00860540357645883,2.3581599935750455,-0.06254212276468604,0.11325766268002628,0.0,165.6999514356953,0.1,-0.5,254.00000000000006,101.00000000000003
10.997027514368266,7.441448613552178E-5,2.3583043877302,-0.06257735336315692,0.11321983193748962,0.0,165.71397590427205,0.1,-0.5,254.00000000000006,101.00000000000003
10.997250757826674,2.2324345840656534E-4,2.3583043877302,-0.06257735336315692,0.11321983193748962,0.0,165.71397590427205,0.1,-0.5,254.00000000000006,101.00000000000003
10.997920488201894,6.69730375219696E-4,2.3583043877302,-0.06257735336315692,0.11321983193748962,0.0,165.71397590427205,0.1,-0.5,254.00000000000006,101.00000000000003
10.999929679327552,0.002009191125659088,2.358601759143546,-0.06264771580311579,0.11314407307132753,0.0,165.74202530879256,0.1,-0.5,254.00000000000006,101.00000000000003
11.00595725270453,0.006027573376977265,2.3595546897890944,-0.06285808504637375,0.11291609085127356,0.0,165.82617769410535,0.1,-0.5,255.00000000000006,130.00000000000003
11.005977701410453,2.044870592329667E-5,2.3595546897890944,-0.06285808504637375,0.11291609085127356,0.0,165.82617769410535,0.1,-0.5,255.00000000000006,130.00000000000003
11.006039047528223,6.134611776989001E-5,2.35972165066812,-0.06289304995536646,0.11287799920287629,0.0,165.8402037937417,0.1,-0.5,255.00000000000006,130.00000000000003
11.006223085881532,1.8403835330967002E-4,2.35972165066812,-0.06289304995536646,0.11287799920287629,0.0,165.8402037937417,0.1,-0.5,255.00000000000006,130.00000000000003
11.00677520094146,5.5211505992901E-4,2.35972165066812,-0.06289304995536646,0.11287799920287629,0.0,165.8402037937417,0.1,-0.5,255.00000000000006,130.00000000000003
11.008431546121248,0.0016563451797870301,2.3600623362750435,-0.0629629002783628,0.1128017383236228,0.0,165.86825667593303,0.1,-0.5,255.00000000000006,130.00000000000003
11.013400581660608,0.004969035539361091,2.360954205496756,-0.0631370581654197,0.11261063043610868,0.0,165.93839312975115,0.1,-0.5,255.00000000000006,154.00000000000003
11.015885099430289,0.0024845177696805453,2.3613274872953127,-0.06320652871361257,0.11253400010007931,0.0,165.96644946553397,0.1,-0.5,255.00000000000006,154.00000000000003
11.02333865273933,0.007453553309041636,2.362917180647736,-0.06348325983616351,0.11222636426731382,0.0,166.07868472287237,0.1,-0.5,254.00000000000006,171.00000000000003
11.02334865273933,1.0E-5,2.362917180647736,-0.06348325983616351,0.11222636426731382,0.0,166.07868472287237,0.1,-0.5,254.00000000000006,171.00000000000003
11.02337865273933,3.0000000000000004E-5,2.362917180647736,-0.06348325983616351,0.11222636426731382,0.0,166.07868472287237,0.1,-0.5,254.00000000000006,171.00000000000003
11.02346865273933,9.000000000000002E-5,2.362917180647736,-0.06348325983616351,0.11222636426731382,0.0,166.07868472287237,0.1,-0.5,254.00000000000006,171.00000000000003
11.02373865273933,2.7000000000000006E-4,2.362917180647736,-0.06348325983616351,0.11222636426731382,0.0,166.07868472287237,0.1,-0.5,254.00000000000006,171.00000000000003
11.02454865273933,8.100000000000002E-4,2.363126625061424,-0.06351772004641054,0.11218778319476568,0.0,166.0927152281215,0.1,-0.5,254.00000000000006,171.00000000000003
11.02697865273933,0.0024300000000000007,2.363552469236117,-0.06358655325215506,0.11211053720369808,0.0,166.12077697014956,0.1,-0.5,254.00000000000006,171.00000000000003
11.03426865273933,0.007290000000000002,2.365345729247459,-0.06386073567068148,0.11180045188661257,0.0,166.2330339180994,0.1,-0.5,254.00000000000006,202.00000000000006
11.05613865273933,0.021870000000000007,2.37098016344415,-0.06460530342747131,0.1109387950767184,0.0,166.5418278596403,0.1,-0.5,255.00000000000006,220.00000000000006
11.12174865273933,0.06561000000000003,2.3928640071092384,-0.06672343674047129,0.10831875786799565,0.0,167.45496109279566,0.1,-0.5,252.00000000000006,250.00000000000006
11.121758652739329,1.0E-5,2.3928640071092384,-0.06672343674047129,0.10831875786799565,0.0,167.45496109279566,0.1,-0.5,252.00000000000006,250.00000000000006
11.12178865273933,3.0000000000000004E-5,2.3928640071092384,-0.06672343674047129,0.10831875786799565,0.0,167.45496109279566,0.1,-0.5,252.00000000000006,250.00000000000006
11.12187865273933,9.000000000000002E-5,2.3928640071092384,-0.06672343674047129,0.10831875786799565,0.0,167.45496109279566,0.1,-0.5,252.00000000000006,250.00000000000006
11.12214865273933,2.7000000000000006E-4,2.3932539479681907,-0.06675506025463357,0.10827761033950951,0.0,167.46901856135037,0.1,-0.5,252.00000000000006,250.00000000000006
11.12295865273933,8.100000000000002E-4,2.3932539479681907,-0.06675506025463357,0.10827761033950951,0.0,167.46901856135037,0.1,-0.5,252.00000000000006,250.00000000000006
11.12538865273933,0.0024300000000000007,2.3944324511668107,-0.06684975411953478,0.10815401908158516,0.0,167.51119262521888,0.1,-0.5,252.00000000000006,250.00000000000006
11.13267865273933,0.007290000000000002,2.3972320757168033,-0.06706967427300375,0.10786477589844261,0.0,167.6096084012347,0.1,-0.5,23.000000000000004,254.00000000000006
11.13632365273933,0.003645000000000001,2.3988624829088896,-0.06719469284450841,0.10769895420022664,0.0,167.66585199948304,0.1,-0.5,23.000000000000004,254.00000000000006
11.14725865273933,0.010935000000000004,2.4034570928660632,-0.06753604842931962,0.1072409373551065,0.0,167.8205441846867,0.5,-0.1,1.0000000000000002,255.00000000000006
11.18006365273933,0.032805000000000015,2.397192591355173,-0.06873228957758046,0.10602450910185977,0.0,168.28428740511572,0.5,-0.1,3.000000000000001,254.00000000000006
11.18007365273933,1.0E-5,2.397192591355173,-0.06873228957758046,0.10602450910185977,0.0,168.28428740511572,0.5,-0.1,3.000000000000001,254.00000000000006
11.18010365273933,3.0000000000000004E-5,2.397192591355173,-0.06873228957758046,0.10602450910185977,0.0,168.28428740511572,0.5,-0.1,3.000000000000001,254.00000000000006
11.18019365273933,9.000000000000002E-5,2.397192591355173,-0.06873228957758046,0.10602450910185977,0.0,168.28428740511572,0.5,-0.1,3.000000000000001,254.00000000000006
11.18046365273933,2.7000000000000006E-4,2.397192591355173,-0.06873228957758046,0.10602450910185977,0.0,168.28428740511572,0.5,-0.1,3.000000000000001,254.00000000000006
11.18127365273933,8.100000000000002E-4,2.3969300427131772,-0.0687695366097354,0.10598857202417618,0.0,168.2983355618744,0.5,-0.1,3.000000000000001,254.00000000000006
11.18370365273933,0.0024300000000000007,2.3963735017862713,-0.06884435136768685,0.10591699617442081,0.0,168.32643183490654,0.5,-0.1,3.000000000000001,254.00000000000006
11.19099365273933,0.007290000000000002,2.3941998407071488,-0.06910914119414382,0.10566923230143048,0.0,168.42474723339592,0.5,-0.1,3.000000000000001,255.00000000000006
11.21286365273933,0.021870000000000007,2.387019072394324,-0.0699499231314652,0.10489905679859714,0.0,168.73375111785253,0.5,-0.1,5.000000000000001,254.00000000000006
11.21287365273933,1.0E-5,2.387019072394324,-0.0699499231314652,0.10489905679859714,0.0,168.73375111785253,0.5,-0.1,5.000000000000001,254.00000000000006
11.21290365273933,3.0000000000000004E-5,2.387019072394324,-0.0699499231314652,0.10489905679859714,0.0,168.73375111785253,0.5,-0.1,5.000000000000001,254.00000000000006
11.21299365273933,9.000000000000002E-5,2.387019072394324,-0.0699499231314652,0.10489905679859714,0.0,168.73375111785253,0.5,-0.1,5.000000000000001,254.00000000000006
11.21326365273933,2.7000000000000006E-4,2.386673388173871,-0.06998842805792174,0.10486433914068828,0.0,168.74780117382443,0.5,-0.1,5.000000000000001,254.00000000000006
11.21407365273933,8.100000000000002E-4,2.386325613764011,-0.07002696600867728,0.10482965452236177,0.0,168.76185140020243,0.5,-0.1,5.000000000000001,254.00000000000006
11.21650365273933,0.0024300000000000007,2.3856243059169415,-0.07010413686715766,0.10476038073249237,0.0,168.78995235493176,0.5,-0.1,5.000000000000001,254.00000000000006
11.22379365273933,0.007290000000000002,2.383119834971952,-0.07037512337829291,0.10451882708463205,0.0,168.8883120885571,0.5,-0.1,4.000000000000001,255.00000000000006
11.24566365273933,0.021870000000000007,2.3747844354286864,-0.0712350540066963,0.10376824774894443,0.0,169.19753443458512,0.5,-0.1,9.000000000000002,254.00000000000006
11.24567365273933,1.0E-5,2.3747844354286864,-0.0712350540066963,0.10376824774894443,0.0,169.19753443458512,0.5,-0.1,9.000000000000002,254.00000000000006
11.24570365273933,3.0000000000000004E-5,2.3747844354286864,-0.0712350540066963,0.10376824774894443,0.0,169.19753443458512,0.5,-0.1,9.000000000000002,254.00000000000006
11.24579365273933,9.000000000000002E-5,2.3747844354286864,-0.0712350540066963,0.10376824774894443,0.0,169.19753443458512,0.5,-0.1,9.000000000000002,254.00000000000006
11.24606365273933,2.7000000000000006E-4,2.374388291171423,-0.07127444893152435,0.10373445360500068,0.0,169.2115932013685,0.5,-0.1,9.000000000000002,254.00000000000006
11.24687365273933,8.100000000000002E-4,2.374388291171423,-0.07127444893152435,0.10373445360500068,0.0,169.2115932013685,0.5,-0.1,9.000000000000002,254.00000000000006
11.24930365273933,0.0024300000000000007,2.3731914228530897,-0.07139279143276295,0.10363323943380685,0.0,169.25377111116904,0.5,-0.1,9.000000000000002,254.00000000000006
11.25659365273933,0.007290000000000002,2.3703505820512327,-0.07166983533643004,0.1033980514275238,0.0,169.35219577233192,0.5,-0.1,26.000000000000007,254.00000000000006
11.25660365273933,1.0E-5,2.3703505820512327,-0.07166983533643004,0.1033980514275238,0.0,169.35219577233192,0.5,-0.1,26.000000000000007,254.00000000000006
11.25663365273933,3.0000000000000004E-5,2.3703505820512327,-0.07166983533643004,0.1033980514275238,0.0,169.35219577233192,0.5,-0.1,26.000000000000007,254.00000000000006
11.25672365273933,9.000000000000002E-5,2.3703505820512327,-0.07166983533643004,0.1033980514275238,0.0,169.35219577233192,0.5,-0.1,26.000000000000007,254.00000000000006
11.25699365273933,2.7000000000000006E-4,2.3703505820512327,-0.07166983533643004,0.1033980514275238,0.0,169.35219577233192,0.5,-0.1,26.000000000000007,254.00000000000006
11.25780365273933,8.100000000000002E-4,2.369939317101874,-0.07170951675539791,0.10336456512898752,0.0,169.36625753645558,0.5,-0.1,26.000000000000007,254.00000000000006
11.26023365273933,0.0024300000000000007,2.3686974499184665,-0.07182871649615583,0.10326427502812931,0.0,169.40844446946676,0.5,-0.1,31.000000000000007,255.00000000000006
11.26024365273933,1.0E-5,2.3686974499184665,-0.07182871649615583,0.10326427502812931,0.0,169.40844446946676,0.5,-0.1,31.000000000000007,255.00000000000006
11.26027365273933,3.0000000000000004E-5,2.3686974499184665,-0.07182871649615583,0.10326427502812931,0.0,169.40844446946676,0.5,-0.1,31.000000000000007,255.00000000000006
11.260363652739331,9.000000000000002E-5,2.3686974499184665,-0.07182871649615583,0.10326427502812931,0.0,169.40844446946676,0.5,-0.1,31.000000000000007,255.00000000000006
11.260633652739331,2.7000000000000006E-4,2.3686974499184665,-0.07182871649615583,0.10326427502812931,0.0,169.40844446946676,0.5,-0.1,31.000000000000007,255.00000000000006
11.261443652739331,8.100000000000002E-4,2.368280815835098,-0.07186850157058772,0.10323090139705511,0.0,169.42250732450157,0.5,-0.1,31.000000000000007,255.00000000000006
11.263873652739331,0.0024300000000000007,2.3674435569869816,-0.07194814942976868,0.10316423895835426,0.0,169.45063384470313,0.5,-0.1,31.000000000000007,255.00000000000006
11.27116365273933,0.007290000000000002,2.3640421764644888,-0.07226777415540914,0.10289872355374645,0.0,169.5631505920078,0.5,-0.1,36.00000000000001,255.00000000000006
11.27117365273933,1.0E-5,2.3640421764644888,-0.07226777415540914,0.10289872355374645,0.0,169.5631505920078,0.5,-0.1,36.00000000000001,255.00000000000006
11.271203652739331,3.0000000000000004E-5,2.3640421764644888,-0.07226777415540914,0.10289872355374645,0.0,169.5631505920078,0.5,-0.1,36.00000000000001,255.00000000000006
11.271293652739331,9.000000000000002E-5,2.3640421764644888,-0.07226777415540914,0.10289872355374645,0.0,169.5631505920078,0.5,-0.1,36.00000000000001,255.00000000000006
11.271563652739331,2.7000000000000006E-4,2.3640421764644888,-0.07226777415540914,0.10289872355374645,0.0,169.5631505920078,0.5,-0.1,36.00000000000001,255.00000000000006
11.272373652739331,8.100000000000002E-4,2.363611224269238,-0.07230784300287274,0.10286566195993956,0.0,169.57721637346003,0.5,-0.1,36.00000000000001,255.00000000000006
11.274803652739331,0.0024300000000000007,2.362745541589157,-0.07238805747892962,0.10279962407573874,0.0,169.6053487228778,0.5,-0.1,36.00000000000001,255.00000000000006
11.28209365273933,0.007290000000000002,2.3592333464457904,-0.07270993414760113,0.10253661122823969,0.0,169.71788855433715,0.5,-0.1,49.000000000000014,254.00000000000006
11.28210365273933,1.0E-5,2.3592333464457904,-0.07270993414760113,0.10253661122823969,0.0,169.71788855433715,0.5,-0.1,49.000000000000014,254.00000000000006
11.282133652739331,3.0000000000000004E-5,2.3592333464457904,-0.07270993414760113,0.10253661122823969,0.0,169.71788855433715,0.5,-0.1,49.000000000000014,254.00000000000006
11.282223652739331,9.000000000000002E-5,2.3592333464457904,-0.07270993414760113,0.10253661122823969,0.0,169.71788855433715,0.5,-0.1,49.000000000000014,254.00000000000006
11.282493652739332,2.7000000000000006E-4,2.3592333464457904,-0.07270993414760113,0.10253661122823969,0.0,169.71788855433715,0.5,-0.1,49.000000000000014,254.00000000000006
11.283303652739331,8.100000000000002E-4,2.358788852387524,-0.07275028284050458,0.1025038629308211,0.0,169.73195720053536,0.5,-0.1,49.000000000000014,254.00000000000006
11.285733652739331,0.0024300000000000007,2.3578962773197465,-0.07283105600109288,0.10243845204881356,0.0,169.7600952658422,0.5,-0.1,49.000000000000014,254.00000000000006
11.29302365273933,0.007290000000000002,2.3542789225160967,-0.07315515522727617,0.1021779539181618,0.0,169.87265774618936,0.5,-0.1,70.00000000000001,255.00000000000006
11.29303365273933,1.0E-5,2.3542789225160967,-0.07315515522727617,0.1021779539181618,0.0,169.87265774618936,0.5,-0.1,70.00000000000001,255.00000000000006
11.293063652739331,3.0000000000000004E-5,2.3542789225160967,-0.07315515522727617,0.1021779539181618,0.0,169.87265774618936,0.5,-0.1,70.00000000000001,255.00000000000006
11.293153652739331,9.000000000000002E-5,2.3542789225160967,-0.07315515522727617,0.1021779539181618,0.0,169.87265774618936,0.5,-0.1,70.00000000000001,255.00000000000006
11.293423652739332,2.7000000000000006E-4,2.3542789225160967,-0.07315515522727617,0.1021779539181618,0.0,169.87265774618936,0.5,-0.1,70.00000000000001,255.00000000000006
11.294233652739331,8.100000000000002E-4,2.353821546902949,-0.07319578043889494,0.10214552078729837,0.0,169.8867291956849,0.5,-0.1,70.00000000000001,255.00000000000006
11.296663652739332,0.0024300000000000007,2.3529033835461455,-0.07327710576707949,0.10208074078966141,0.0,169.91487284747427,0.5,-0.1,70.00000000000001,255.00000000000006
11.303953652739331,0.007290000000000002,2.3496545419802235,-0.07356252792982382,0.10185491811652735,0.0,170.0133834699809,0.5,-0.1,92.00000000000001,254.00000000000006
11.30396365273933,1.0E-5,2.3496545419802235,-0.07356252792982382,0.10185491811652735,0.0,170.0133834699809,0.5,-0.1,92.00000000000001,254.00000000000006
11.303993652739331,3.0000000000000004E-5,2.3496545419802235,-0.07356252792982382,0.10185491811652735,0.0,170.0133834699809,0.5,-0.1,92.00000000000001,254.00000000000006
11.304083652739331,9.000000000000002E-5,2.349186012878068,-0.07360340163694376,0.1018227731442214,0.0,170.02745740386808,0.5,-0.1,92.00000000000001,254.00000000000006
11.304353652739332,2.7000000000000006E-4,2.349186012878068,-0.07360340163694376,0.1018227731442214,0.0,170.02745740386808,0.5,-0.1,92.00000000000001,254.00000000000006
11.305163652739331,8.100000000000002E-4,2.3487163969881086,-0.07364430003674993,0.10179065706851413,0.0,170.0415315829364,0.5,-0.1,92.00000000000001,254.00000000000006
11.307593652739332,0.0024300000000000007,2.347773925021975,-0.07372617080172258,0.10172651166710193,0.0,170.06968067423622,0.5,-0.1,92.00000000000001,254.00000000000006
11.314883652739331,0.007290000000000002,2.344441771676261,-0.07401349218744954,0.10150291524966278,0.0,170.16821012819764,0.5,-0.1,117.00000000000003,255.00000000000006
11.31489365273933,1.0E-5,2.344441771676261,-0.07401349218744954,0.10150291524966278,0.0,170.16821012819764,0.5,-0.1,117.00000000000003,255.00000000000006
11.314923652739331,3.0000000000000004E-5,2.344441771676261,-0.07401349218744954,0.10150291524966278,0.0,170.16821012819764,0.5,-0.1,117.00000000000003,255.00000000000006
11.315013652739331,9.000000000000002E-5,2.3439615607226103,-0.07405463597913053,0.10147108898325581,0.0,170.18228672567102,0.5,-0.1,117.00000000000003,255.00000000000006
11.315283652739332,2.7000000000000006E-4,2.3439615607226103,-0.07405463597913053,0.10147108898325581,0.0,170.18228672567102,0.5,-0.1,117.00000000000003,255.00000000000006
11.316093652739331,8.100000000000002E-4,2.3434803169695346,-0.07409580415784134,0.10143929178355852,0.0,170.19636356155434,0.5,-0.1,117.00000000000003,255.00000000000006
11.318523652739332,0.0024300000000000007,2.3425147501343067,-0.07417821356585369,0.10137578464689172,0.0,170.22451794600465,0.5,-0.1,117.00000000000003,255.00000000000006
11.325813652739331,0.007290000000000002,2.3391034285383228,-0.07446741061666934,0.10115442756261546,0.0,170.32306570753144,0.5,-0.1,144.00000000000003,254.00000000000006
11.32582365273933,1.0E-5,2.3391034285383228,-0.07446741061666934,0.10115442756261546,0.0,170.32306570753144,0.5,-0.1,144.00000000000003,254.00000000000006
11.325853652739331,3.0000000000000004E-5,2.3391034285383228,-0.07446741061666934,0.10115442756261546,0.0,170.32306570753144,0.5,-0.1,144.00000000000003,254.00000000000006
11.325943652739332,9.000000000000002E-5,2.3391034285383228,-0.07446741061666934,0.10115442756261546,0.0,170.32306570753144,0.5,-0.1,144.00000000000003,254.00000000000006
11.326213652739332,2.7000000000000006E-4,2.338612116199299,-0.07450882114230095,0.1011229218867019,0.0,170.3371448923217,0.5,-0.1,144.00000000000003,254.00000000000006
11.327023652739332,8.100000000000002E-4,2.338119822518334,-0.0745502557498085,0.10109144544832908,0.0,170.3512243084665,0.5,-0.1,144.00000000000003,254.00000000000006
11.329453652739332,0.0024300000000000007,2.3371323093356535,-0.07463319709918118,0.10102858034596769,0.0,170.37938383224264,0.5,-0.1,144.00000000000003,254.00000000000006
11.336743652739331,0.007290000000000002,2.333645763627768,-0.07492424631524067,0.10080947574226591,0.0,170.47794935813818,0.5,-0.1,170.00000000000003,254.00000000000006
11.340388652739332,0.003645000000000001,2.3316327460093906,-0.075091084456988,0.10068491940210343,0.0,170.53427747730484,0.5,-0.1,184.00000000000003,255.00000000000006
11.351323652739332,0.010935000000000004,2.3260218971552358,-0.07555183875545626,0.10034482245875136,0.0,170.68919801458787,0.5,-0.1,192.00000000000006,255.00000000000006
11.384128652739331,0.032805000000000015,2.3085757161986056,-0.07695093627676633,0.0993461220720294,0.0,171.15411222080138,0.5,-0.1,213.00000000000006,254.00000000000006
11.387589699468304,0.0034610467289719654,2.3069472711679566,-0.07707935588331646,0.09925695009449019,0.0,171.19638794255252,0.5,-0.1,213.00000000000006,254.00000000000006
11.39797283965522,0.010383140186915897,2.3014715920982165,-0.07750887323041036,0.09896167422311121,0.0,171.33731935817377,0.5,-0.1,254.00000000000006,254.00000000000006
11.429122260215967,0.03114942056074769,2.283490767639023,-0.07889806588588671,0.09803724957576394,0.0,171.7884210744278,0.5,-0.1,254.00000000000006,253.00000000000006
11.432393368842323,0.003271108626355788,2.2817716515535404,-0.07902943268762039,0.09795219488912686,0.0,171.83072083569778,0.5,-0.1,254.00000000000006,216.00000000000006
11.432440183555245,4.6814712922574094E-5,2.2817716515535404,-0.07902943268762039,0.09795219488912686,0.0,171.83072083569778,0.5,-0.1,254.00000000000006,216.00000000000006
11.432580627694014,1.404441387677223E-4,2.2817716515535404,-0.07902943268762039,0.09795219488912686,0.0,171.83072083569778,0.5,-0.1,254.00000000000006,216.00000000000006
11.433001960110317,4.2133241630316686E-4,2.2811974097952126,-0.07907326402027873,0.09792390502207772,0.0,171.84482108334578,0.5,-0.1,254.00000000000006,216.00000000000006
11.434265957359226,0.0012639972489095006,2.2806225711492556,-0.07911711650739342,0.09789564602720062,0.0,171.8589214936046,0.5,-0.1,254.00000000000006,216.00000000000006
11.438057949105955,0.0037919917467285017,2.2783173028372152,-0.07929273746174606,0.09778291906385754,0.0,171.91532474878977,0.5,-0.1,254.00000000000006,216.00000000000006
11.44943392434614,0.011375975240185505,2.271930216344934,-0.07977742404799515,0.09747547574864425,0.0,172.0704467566211,0.5,-0.1,255.00000000000006,196.00000000000006
11.44953941856416,1.0549421802041826E-4,2.271930216344934,-0.07977742404799515,0.09747547574864425,0.0,172.0704467566211,0.5,-0.1,255.00000000000006,196.00000000000006
11.449855901218221,3.164826540612548E-4,2.271930216344934,-0.07977742404799515,0.09747547574864425,0.0,172.0704467566211,0.5,-0.1,255.00000000000006,196.00000000000006
11.450805349180404,9.494479621837644E-4,2.271346195227204,-0.07982161134774035,0.09744771270231127,0.0,172.08454968809338,0.5,-0.1,254.00000000000006,163.00000000000003
11.450815349180404,1.0E-5,2.271346195227204,-0.07982161134774035,0.09744771270231127,0.0,172.08454968809338,0.5,-0.1,254.00000000000006,163.00000000000003
11.450845349180405,3.0000000000000004E-5,2.271346195227204,-0.07982161134774035,0.09744771270231127,0.0,172.08454968809338,0.5,-0.1,254.00000000000006,163.00000000000003
11.450935349180405,9.000000000000002E-5,2.271346195227204,-0.07982161134774035,0.09744771270231127,0.0,172.08454968809338,0.5,-0.1,254.00000000000006,163.00000000000003
11.451205349180405,2.7000000000000006E-4,2.2707616225562557,-0.07986581934498233,0.09741998077661755,0.0,172.09865277217432,0.5,-0.1,254.00000000000006,163.00000000000003
11.452015349180405,8.100000000000002E-4,2.270176500888937,-0.07991004801290655,0.09739227998604331,0.0,172.11275600828913,0.5,-0.1,254.00000000000006,163.00000000000003
11.454445349180405,0.0024300000000000007,2.269004620733373,-0.07999856725357943,0.0973369718680968,0.0,172.1409629343234,0.5,-0.1,254.00000000000006,163.00000000000003
11.461735349180405,0.007290000000000002,2.2648861171024883,-0.08030903178404883,0.09714437633278315,0.0,172.2396918805166,0.5,-0.1,254.00000000000006,144.00000000000003
11.465380349180405,0.003645000000000001,2.262521102575844,-0.08048688954030117,0.09703500956453466,0.0,172.29611165339657,0.5,-0.1,254.00000000000006,144.00000000000003
11.476315349180405,0.010935000000000004,2.2559753261116997,-0.08097766765348649,0.09673683892045805,0.0,172.45127781290785,0.1,-0.5,254.00000000000006,100.00000000000003
11.509120349180405,0.032805000000000015,2.256950519731826,-0.08230092385991114,0.09566163271124394,0.0,172.9142820474467,0.1,-0.5,254.00000000000006,66.00000000000001
11.607535349180404,0.09841500000000004,2.2814689059296054,-0.08599095998865139,0.09218210897181066,0.0,174.28986204196235,0.1,-0.5,254.00000000000006,85.00000000000001
11.60792511292618,3.897637457755751E-4,2.2814689059296054,-0.08599095998865139,0.09218210897181066,0.0,174.28986204196235,0.1,-0.5,254.00000000000006,85.00000000000001
11.609094404163507,0.0011692912373267254,2.2821621784809065,-0.08606366391297104,0.09210816890934946,0.0,174.31796202237638,0.1,-0.5,254.00000000000006,85.00000000000001
11.612602277875487,0.003507873711980176,2.2832144173896287,-0.08617252187477414,0.09199704615954508,0.0,174.36011410802303,0.1,-0.5,254.00000000000006,254.00000000000006
11.614356214731478,0.001753936855990088,2.2839240442907287,-0.08624496172684892,0.09192282285410232,0.0,174.38821690779332,0.1,-0.5,254.00000000000006,254.00000000000006
11.619618025299449,0.005261810567970264,2.285726159734291,-0.08642559799737187,0.09173677086758668,0.0,174.45847883165607,0.1,-0.5,254.00000000000006,254.00000000000006
11.63540345700336,0.015785431703910793,2.291752902162655,-0.08699916631894916,0.0911366982653646,0.0,174.6833639705428,0.1,-0.5,255.00000000000006,254.00000000000006
11.682759752115093,0.04735629511173238,2.311521470883738,-0.08864415246328161,0.08933342963042627,0.0,175.34436684983575,0.1,-0.5,255.00000000000006,254.00000000000006
11.82482863745029,0.14206888533519713,2.385079210703772,-0.0932378719593813,0.08354257054328311,0.0,177.34458534828673,0.1,-0.5,184.00000000000003,255.00000000000006
11.82483863745029,1.0E-5,2.385079210703772,-0.0932378719593813,0.08354257054328311,0.0,177.34458534828673,0.1,-0.5,184.00000000000003,255.00000000000006
11.82486863745029,3.0000000000000004E-5,2.385079210703772,-0.0932378719593813,0.08354257054328311,0.0,177.34458534828673,0.1,-0.5,184.00000000000003,255.00000000000006
11.82495863745029,9.000000000000002E-5,2.385079210703772,-0.0932378719593813,0.08354257054328311,0.0,177.34458534828673,0.1,-0.5,184.00000000000003,255.00000000000006
11.82522863745029,2.7000000000000006E-4,2.385651890858436,-0.09326814245558732,0.08350008563523463,0.0,177.35868528921037,0.1,-0.5,184.00000000000003,255.00000000000006
11.82603863745029,8.100000000000002E-4,2.3862251751398933,-0.09329838308149191,0.08345757816618261,0.0,177.37278539404542,0.1,-0.5,184.00000000000003,255.00000000000006
11.82846863745029,0.0024300000000000007,2.3873735448939097,-0.09335877465865022,0.08337249565018508,0.0,177.40098609304687,0.1,-0.5,184.00000000000003,255.00000000000006
11.83575863745029,0.007290000000000002,2.391411461542091,-0.09356920192571583,0.08307400003365446,0.0,177.49969361474314,0.1,-0.5,1.0000000000000002,255.00000000000006
11.83940363745029,0.003645000000000001,2.3937315896219653,-0.09368878578789558,0.08290293996568963,0.0,177.55610140087128,0.1,-0.5,1.0000000000000002,255.00000000000006
11.85033863745029,0.010935000000000004,2.400158144659229,-0.0940151557883547,0.08243069883678385,0.0,177.71123553874122,0.5,-0.1,1.0000000000000002,254.00000000000006
11.851493134638954,0.0011544971886626007,2.4007422945375643,-0.09404464451469463,0.08238763586636179,0.0,177.72521468035757,0.5,-0.1,1.0000000000000002,254.00000000000006
11.854956626204942,0.003463491565987802,2.402204914610142,-0.09413336524139224,0.08225871410222461,0.0,177.76735720562738,0.5,-0.1,1.0000000000000002,254.00000000000006
11.865347100902905,0.010390474697963406,2.4014249329529758,-0.09451137575434254,0.0818342595491721,0.0,177.92191653631198,0.5,-0.1,1.0000000000000002,254.00000000000006
11.896518524996795,0.031171424093890218,2.3966546609672044,-0.09563994358318834,0.08069598772896193,0.0,178.3566443003965,0.5,-0.1,1.0000000000000002,255.00000000000006
11.990032797278465,0.09351427228167065,2.3704061393620615,-0.09920903857496358,0.07738682809850443,0.0,179.67642552538246,0.5,-0.1,1.0000000000000002,255.00000000000006
12.270575614123477,0.280542816845012,2.226481101084395,-0.11113996522905215,0.06904768294660217,0.0,183.62048903841242,0.5,-0.1,0.0,254.00000000000006
12.300173900926646,0.02959828680317054,2.207966841548609,-0.11251643887172447,0.06829804832610385,0.0,184.0438632170476,0.5,-0.1,254.00000000000006,1.0000000000000002
12.314973044328232,0.01479914340158527,2.1992093651056144,-0.11316439729931466,0.0679582109691365,0.0,184.2414720863958,0.1,-0.5,254.00000000000006,1.0000000000000002
12.359370474532987,0.04439743020475581,2.2008652885428455,-0.1150444478208047,0.06659031596940441,0.0,184.87269151019882,0.1,-0.5,254.00000000000006,1.0000000000000002
12.492562765147255,0.13319229061426743,2.238967708221826,-0.1202461422210101,0.06207757674008786,0.0,186.7402560573173,0.1,-0.5,254.00000000000006,1.0000000000000002
12.892139636990057,0.39957687184280233,2.4654858119895784,-0.1330212824663325,0.04567131355213762,0.0,192.38000829069188,0.1,-0.5,255.00000000000006,1.0000000000000002
13.292139636990058,0.4,2.738161419408194,-0.14072503094991545,0.02626452893530748,0.0,198.03281160847973,0.1,-0.5,255.00000000000006,18.000000000000004
13.296092362143748,0.003952725153689974,2.740944429894052,-0.140773960025729,0.026060712389431293,0.0,198.08935719728743,0.1,-0.5,255.00000000000006,18.000000000000004
13.307950537604817,0.01185817546106992,2.74860043179262,-0.14090555587793396,0.025499510336072104,0.0,198.24485841009937,0.1,-0.5,1.0000000000000002,254.00000000000006
13.313879625335353,0.00592908773053496,2.7527780623467026,-0.14097550405795678,0.025192972482389955,0.0,198.32967775781526,0.5,-0.1,1.0000000000000002,254.00000000000006
13.331666888526959,0.017787263191604882,2.7551274479603647,-0.14128102398650172,0.02431318953381438,0.0,198.58214239220206,0.5,-0.1,1.0000000000000002,254.00000000000006
13.385028678101774,0.05336178957481465,2.750491437997196,-0.14239022369300885,0.02175258499573461,0.0,199.33929498158932,0.5,-0.1,1.0000000000000002,255.00000000000006
13.545114046826217,0.16008536872444395,2.6991359673101614,-0.14628826508459486,0.014438407698668984,0.0,201.5868235999519,0.5,-0.1,1.0000000000000002,255.00000000000006
13.945114046826218,0.4,2.4647079875159235,-0.15958548535551814,-0.0015647618889645526,0.0,207.22854332288534,0.5,-0.1,254.00000000000006,1.0000000000000002
14.145114046826217,0.2,2.329335376348375,-0.16782192573359928,-0.008018772290431436,0.0,210.05462606580477,0.1,-0.5,254.00000000000006,254.00000000000006
14.245114046826217,0.1,2.3378273953305353,-0.17150980556751744,-0.011637757901055631,0.0,211.45712108782254,0.1,-0.5,254.00000000000006,254.00000000000006
14.545114046826217,0.30000000000000004,2.4727297507261032,-0.1807690781617794,-0.02414944391201121,0.0,215.6787335422,0.1,-0.5,254.00000000000006,255.00000000000006
14.945114046826218,0.4,2.732763183193695,-0.18862565631954104,-0.043467139602639336,0.0,221.32764977815123,0.1,-0.5,255.00000000000006,254.00000000000006
14.965364257771492,0.020250210945274932,2.746476283063302,-0.18887257249152473,-0.044485235183349056,0.0,221.61031342344904,0.1,-0.5,254.00000000000006,254.00000000000006
14.965374257771492,1.0E-5,2.746476283063302,-0.18887257249152473,-0.044485235183349056,0.0,221.61031342344904,0.1,-0.5,254.00000000000006,254.00000000000006
14.965404257771493,3.0000000000000004E-5,2.746476283063302,-0.18887257249152473,-0.044485235183349056,0.0,221.61031342344904,0.1,-0.5,254.00000000000006,254.00000000000006
14.965494257771493,9.000000000000002E-5,2.746476283063302,-0.18887257249152473,-0.044485235183349056,0.0,221.61031342344904,0.1,-0.5,254.00000000000006,254.00000000000006
14.965764257771493,2.7000000000000006E-4,2.746476283063302,-0.18887257249152473,-0.044485235183349056,0.0,221.61031342344904,0.1,-0.5,254.00000000000006,254.00000000000006
14.966574257771493,8.100000000000002E-4,2.7471627699061343,-0.18888454178305475,-0.04453623200532292,0.0,221.62444686776462,0.1,-0.5,254.00000000000006,254.00000000000006
14.969004257771493,0.0024300000000000007,2.7492226883195143,-0.18892023421686394,-0.04468927381583785,0.0,221.66684734497312,0.1,-0.5,254.00000000000006,254.00000000000006
14.976294257771492,0.007290000000000002,2.7540317905956115,-0.1890022590722935,-0.0450466675378252,0.0,221.76578261918348,0.1,-0.5,254.00000000000006,254.00000000000006
14.998164257771492,0.021870000000000007,2.7691688969065025,-0.18924857091957037,-0.046172515546870026,0.0,222.07672923183236,0.1,-0.5,254.00000000000006,254.00000000000006
15.063774257771492,0.06561000000000003,2.8140673237417513,-0.18987408434195047,-0.049519712978743816,0.0,222.99549030577782,0.1,-0.5,254.00000000000006,254.00000000000006
15.260604257771492,0.1968300000000001,2.951203648627889,-0.1908272113571513,-0.059790600336814145,0.0,225.78037535573276,0.1,-0.5,254.00000000000006,255.00000000000006
15.660604257771492,0.4,3.2316401373193075,-0.18837924559405766,-0.08054268089729594,0.0,231.4355724596653,0.1,-0.5,254.00000000000006,254.00000000000006
15.685934469930803,0.02533021215931125,3.24919967332246,-0.18803373340727692,-0.08180666757666757,0.0,231.7890315731861,0.1,-0.5,254.00000000000006,254.00000000000006
15.761925106408738,0.07599063647793375,3.3025903226250843,-0.18684776131614966,-0.08560909453873314,0.0,232.8635497841551,0.1,-0.5,254.00000000000006,254.00000000000006
15.989897015842539,0.22797190943380125,3.4628167045028957,-0.18209794528241485,-0.09656148200014045,0.0,236.08711743305003,0.1,-0.5,254.00000000000006,255.00000000000006
16.38989701584254,0.4,3.7439908982600194,-0.1697872970692187,-0.11344781621778297,0.0,241.74251286861,0.1,-0.5,254.00000000000006,254.00000000000006
16.417382397456898,0.027485381614358907,3.763674316853937,-0.16875474223596115,-0.11449077004243646,0.0,242.13839062194074,0.1,-0.5,254.00000000000006,254.00000000000006
16.499838542299976,0.08245614484307673,3.82131899109668,-0.1656154077261805,-0.11742560225776041,0.0,243.29774685487064,0.1,-0.5,254.00000000000006,254.00000000000006
16.747206976829204,0.24736843452923019,3.9956610355036966,-0.15516915648052,-0.12513447286555285,0.0,246.80409201728526,0.1,-0.5,254.00000000000006,205.00000000000006
16.748486858205744,0.001279881376541102,3.996364031317534,-0.15512442197629833,-0.12516179065766833,0.0,246.8182305042128,0.1,-0.5,254.00000000000006,205.00000000000006
16.752326502335368,0.0038396441296233057,3.999176014766053,-0.15494529224726938,-0.1252707471398049,0.0,246.8747844517975,0.1,-0.5,1.0000000000000002,240.00000000000006
16.754246324400178,0.0019198220648116529,4.000582006604964,-0.15485561266535108,-0.12532503638066875,0.0,246.90306142551526,0.1,-0.5,1.0000000000000002,240.00000000000006
16.76000579059461,0.005759466194434959,4.004799982571865,-0.1545861171778274,-0.12548714681535242,0.0,246.98789234636888,0.5,-0.1,1.0000000000000002,254.00000000000006
16.777284189177916,0.017278398583304877,4.007405739984114,-0.15388338827571785,-0.1260167043200593,0.0,247.2263189932055,0.5,-0.1,1.0000000000000002,254.00000000000006
16.829119384927832,0.05183519574991463,4.00338255348255,-0.15187262036621652,-0.1277990871723236,0.0,247.95539034919284,0.5,-0.1,1.0000000000000002,255.00000000000006
16.984624972177578,0.1555055872497439,3.9556065124337545,-0.1462960736264438,-0.13357313945536747,0.0,250.13234364412892,0.5,-0.1,1.0000000000000002,254.00000000000006
16.992637967345562,0.008012995167983657,3.9520993612077575,-0.1460259834419807,-0.1338890834515316,0.0,250.2448809364314,0.5,-0.1,1.0000000000000002,254.00000000000006
17.01667695284951,0.02403898550395097,3.9411256208887955,-0.14522649480934502,-0.13484682010753288,0.0,250.58259098656936,0.5,-0.1,1.0000000000000002,255.00000000000006
17.088793909361364,0.0721169565118529,3.904725769141452,-0.14292697816073313,-0.13780587808103759,0.0,251.59653119367385,0.5,-0.1,1.0000000000000002,254.00000000000006
17.0925348284383,0.0037409190769375662,3.9025726549668875,-0.14280366066476324,-0.13797390743512544,0.0,251.6528935536321,0.5,-0.1,1.0000000000000002,254.00000000000006
17.10375758566911,0.011222757230812699,3.896589700116309,-0.1424669822183151,-0.13843789740115814,0.0,251.80790603110972,0.5,-0.1,1.0000000000000002,254.00000000000006
17.13742585736155,0.03366827169243809,3.877564510517959,-0.1414492059878386,-0.13988941591827783,0.0,252.28717573464655,0.5,-0.1,0.0,255.00000000000006
17.238430672438863,0.10100481507731428,3.8172346757572786,-0.13863467243265842,-0.14434722143312467,0.0,253.71193957124842,0.5,-0.1,1.0000000000000002,254.00000000000006
17.238440672438863,1.0E-5,3.8172346757572786,-0.13863467243265842,-0.14434722143312467,0.0,253.71193957124842,0.5,-0.1,1.0000000000000002,254.00000000000006
17.23847067243886,3.0000000000000004E-5,3.8172346757572786,-0.13863467243265842,-0.14434722143312467,0.0,253.71193957124842,0.5,-0.1,1.0000000000000002,254.00000000000006
17.23856067243886,9.000000000000002E-5,3.8172346757572786,-0.13863467243265842,-0.14434722143312467,0.0,253.71193957124842,0.5,-0.1,1.0000000000000002,254.00000000000006
17.238830672438862,2.7000000000000006E-4,3.8172346757572786,-0.13863467243265842,-0.14434722143312467,0.0,253.71193957124842,0.5,-0.1,1.0000000000000002,254.00000000000006
17.239640672438863,8.100000000000002E-4,3.8166142945257824,-0.13860840230606042,-0.14439238887886796,0.0,253.72605273646604,0.5,-0.1,1.0000000000000002,254.00000000000006
17.242070672438864,0.0024300000000000007,3.8147508599382793,-0.13852978272932448,-0.14452800698515758,0.0,253.76839290333146,0.5,-0.1,1.0000000000000002,254.00000000000006
17.249360672438865,0.007290000000000002,3.810389707587297,-0.1383474518213469,-0.1448451212123189,0.0,253.86719048310033,0.5,-0.1,1.0000000000000002,254.00000000000006
17.271230672438865,0.021870000000000007,3.7965692313319828,-0.13778461813238524,-0.14584780209259546,0.0,254.17773081337145,0.5,-0.1,1.0000000000000002,254.00000000000006
17.336840672438864,0.06561000000000003,3.7548596532809824,-0.13621332195256203,-0.14886147617529638,0.0,255.09549860284005,0.5,-0.1,1.0000000000000002,254.00000000000006
17.533670672438863,0.1968300000000001,3.623146377215542,-0.13231586017889724,-0.15839975190024846,0.0,257.8786699782463,0.5,-0.1,152.00000000000003,254.00000000000006
17.632085672438862,0.09841500000000004,3.55521801081241,-0.1308656351590392,-0.16337753594571564,0.0,259.27786480539,0.5,-0.1,254.00000000000006,1.0000000000000002
17.681293172438863,0.04920750000000002,3.5213527238404603,-0.13027699058768982,-0.16587621433744218,0.0,259.97047290377577,0.1,-0.5,254.00000000000006,1.0000000000000002
17.828915672438864,0.14762250000000007,3.542494902002504,-0.1272033553546229,-0.1728237978746327,0.0,262.0327752814469,0.1,-0.5,254.00000000000006,34.00000000000001
17.82962505096926,7.093785303952145E-4,3.542818617115799,-0.12717950108899723,-0.17286980527196433,0.0,262.046821253738,0.1,-0.5,254.00000000000006,34.00000000000001
17.831753186560444,0.0021281355911856436,3.543471315230647,-0.12713168662867413,-0.1729617709685782,0.0,262.0749140454841,0.1,-0.5,254.00000000000006,124.00000000000003
17.831763186560444,1.0E-5,3.543471315230647,-0.12713168662867413,-0.1729617709685782,0.0,262.0749140454841,0.1,-0.5,254.00000000000006,124.00000000000003
17.831793186560443,3.0000000000000004E-5,3.543471315230647,-0.12713168662867413,-0.1729617709685782,0.0,262.0749140454841,0.1,-0.5,254.00000000000006,124.00000000000003
17.831883186560443,9.000000000000002E-5,3.543471315230647,-0.12713168662867413,-0.1729617709685782,0.0,262.0749140454841,0.1,-0.5,254.00000000000006,124.00000000000003
17.832153186560443,2.7000000000000006E-4,3.5438002817996774,-0.1271077264791074,-0.17300772922843186,0.0,262.08896086506275,0.1,-0.5,254.00000000000006,124.00000000000003
17.832963186560445,8.100000000000002E-4,3.5438002817996774,-0.1271077264791074,-0.17300772922843186,0.0,262.08896086506275,0.1,-0.5,254.00000000000006,124.00000000000003
17.835393186560445,0.0024300000000000007,3.544797553721295,-0.12703563462632378,-0.17314550541717086,0.0,262.1311030191937,0.1,-0.5,254.00000000000006,124.00000000000003
17.842683186560446,0.007290000000000002,3.5471839989626655,-0.12686619002329552,-0.17346640550643963,0.0,262.2294446039805,0.1,-0.5,254.00000000000006,113.00000000000003
17.864553186560446,0.021870000000000007,3.555200330261954,-0.12632251102683817,-0.1744696122088777,0.0,262.538608031663,0.1,-0.5,254.00000000000006,102.00000000000003
17.930163186560446,0.06561000000000003,3.5833181836224153,-0.12459204849317551,-0.17742860422124868,0.0,263.46688887034816,0.1,-0.5,254.00000000000006,79.00000000000001
18.126993186560444,0.1968300000000001,3.690659081001911,-0.11862486698603208,-0.18571086784369806,0.0,266.2292150759863,0.1,-0.5,254.00000000000006,28.000000000000007
18.526993186560443,0.4,3.9545650088213433,-0.10313974577694102,-0.19969048519635874,0.0,271.8792857036301,0.1,-0.5,255.00000000000006,1.0000000000000002
18.92699318656044,0.4,4.2330690265602415,-0.08434952724195846,-0.2088229135908306,0.0,277.53388606224917,0.1,-0.5,255.00000000000006,103.00000000000003
18.92796517318084,9.719866204007297E-4,4.233769718455895,-0.0842996356706176,-0.20883897034152987,0.0,277.54802393577665,0.1,-0.5,255.00000000000006,103.00000000000003
18.930881133042043,0.002915959861202189,4.235871858143149,-0.08414989325740321,-0.2088869300649998,0.0,277.5904375755513,0.1,-0.5,1.0000000000000002,254.00000000000006
18.932339112972645,0.0014579799306010945,4.237273337441752,-0.08405000881384334,-0.20891872769437558,0.0,277.6187133512394,0.1,-0.5,1.0000000000000002,254.00000000000006
18.93671305276445,0.004373939791803284,4.240076421101169,-0.08385010601624618,-0.20898190142296003,0.0,277.6752649400705,0.1,-0.5,1.0000000000000002,254.00000000000006
18.94983487213986,0.013121819375409852,4.249187561352826,-0.08319920620903962,-0.2091833290142211,0.0,277.85905793814845,0.5,-0.1,1.0000000000000002,254.00000000000006
18.98920033026609,0.03936545812622956,4.250964679544925,-0.08133048535249068,-0.2100668323688723,0.0,278.41993282686735,0.5,-0.1,1.0000000000000002,255.00000000000006
19.107296704644778,0.11809637437868868,4.225339701856976,-0.07604306291185953,-0.21311635754623964,0.0,280.0757785981805,0.5,-0.1,0.0,254.00000000000006
19.113409484215246,0.006112779570469665,4.223283227088753,-0.07578117387590624,-0.21328419870806092,0.0,280.1600727558166,0.5,-0.1,0.0,255.00000000000006
19.131747822926656,0.018338338711408997,4.216763725167221,-0.07499973330778703,-0.21379493980916486,0.0,280.4130161471935,0.5,-0.1,1.0000000000000002,254.00000000000006
19.131757822926655,1.0E-5,4.216763725167221,-0.07499973330778703,-0.21379493980916486,0.0,280.4130161471935,0.5,-0.1,1.0000000000000002,254.00000000000006
19.131787822926654,3.0000000000000004E-5,4.216763725167221,-0.07499973330778703,-0.21379493980916486,0.0,280.4130161471935,0.5,-0.1,1.0000000000000002,254.00000000000006
19.131877822926654,9.000000000000002E-5,4.216763725167221,-0.07499973330778703,-0.21379493980916486,0.0,280.4130161471935,0.5,-0.1,1.0000000000000002,254.00000000000006
19.132147822926655,2.7000000000000006E-4,4.21638671910451,-0.07495650738540535,-0.21382362991274345,0.0,280.42707122407364,0.5,-0.1,1.0000000000000002,254.00000000000006
19.132957822926656,8.100000000000002E-4,4.21638671910451,-0.07495650738540535,-0.21382362991274345,0.0,280.42707122407364,0.5,-0.1,1.0000000000000002,254.00000000000006
19.135387822926656,0.0024300000000000007,4.215246661661899,-0.07482694888074684,-0.21390989851882208,0.0,280.46923812854993,0.5,-0.1,1.0000000000000002,254.00000000000006
19.142677822926657,0.007290000000000002,4.212534687454566,-0.07452534401064753,-0.21411234565916676,0.0,280.5676372990615,0.5,-0.1,0.0,254.00000000000006
19.164547822926657,0.021870000000000007,4.203561533433317,-0.07358387806590028,-0.2147590443397535,0.0,280.87697928898797,0.5,-0.1,0.0,254.00000000000006
19.230157822926657,0.06561000000000003,4.173095814119473,-0.07082003613320498,-0.21679202128645603,0.0,281.80575692643197,0.5,-0.1,36.00000000000001,254.00000000000006
19.230167822926656,1.0E-5,4.173095814119473,-0.07082003613320498,-0.21679202128645603,0.0,281.80575692643197,0.5,-0.1,36.00000000000001,254.00000000000006
19.230197822926655,3.0000000000000004E-5,4.173095814119473,-0.07082003613320498,-0.21679202128645603,0.0,281.80575692643197,0.5,-0.1,36.00000000000001,254.00000000000006
19.230287822926655,9.000000000000002E-5,4.173095814119473,-0.07082003613320498,-0.21679202128645603,0.0,281.80575692643197,0.5,-0.1,36.00000000000001,254.00000000000006
19.230557822926656,2.7000000000000006E-4,4.173095814119473,-0.07082003613320498,-0.21679202128645603,0.0,281.80575692643197,0.5,-0.1,36.00000000000001,254.00000000000006
19.231367822926657,8.100000000000002E-4,4.172598608061268,-0.07077888011655326,-0.21682387262983388,0.0,281.8198374166109,0.5,-0.1,36.00000000000001,254.00000000000006
19.233797822926658,0.0024300000000000007,4.171601338355786,-0.07069663412637123,-0.21688766765547246,0.0,281.8479990792016,0.5,-0.1,36.00000000000001,254.00000000000006
19.24108782292666,0.007290000000000002,4.167574800257572,-0.07036853400680854,-0.2171440756234127,0.0,281.96065473023646,0.5,-0.1,254.00000000000006,139.00000000000003
19.244732822926657,0.003645000000000001,4.166049704410106,-0.07024586263841923,-0.21724073348919448,0.0,282.0029042653109,0.5,-0.1,254.00000000000006,139.00000000000003
19.255667822926657,0.010935000000000004,4.160389378883003,-0.06979778900836375,-0.2175974890151497,0.0,282.1578359635305,0.1,-0.5,254.00000000000006,82.00000000000001
19.288472822926657,0.032805000000000015,4.163764891773839,-0.06833166097080423,-0.21846816085732645,0.0,282.6211280835864,0.1,-0.5,254.00000000000006,33.00000000000001
19.386887822926656,0.09841500000000004,4.193581445468469,-0.06378941878458619,-0.22073432918461572,0.0,283.99742315753565,0.1,-0.5,254.00000000000006,9.000000000000002
19.682132822926658,0.29524500000000015,4.350956161655053,-0.04916945260323874,-0.22555186364138374,0.0,288.1681016287898,0.1,-0.5,255.00000000000006,5.000000000000001
20.0,0.31786717707334233,4.560586466095267,-0.032697410839381214,-0.2272026024403886,0.0,292.6459372810018,0.1,-0.5,172.00000000000003,254.00000000000006
